table,column_count,domain_prefix
Products,2,Products
account_account,20,account
account_account_account_asset_rel,2,account
account_account_account_auto_reconcile_wizard_rel,2,account
account_account_account_import_summary_rel,2,account
account_account_account_merge_wizard_rel,2,account
account_account_account_tag,2,account
account_account_create_withholding_tax_cert_rel,2,account
account_account_exclude_res_currency_provision,2,account
account_account_fiscal_rate,9,account
account_account_res_company_rel,2,account
account_account_tag,10,account
account_account_tag_account_move_line_rel,2,account
account_account_tag_account_tax_repartition_line_rel,2,account
account_account_tag_account_withholding_tax_rel,2,account
account_account_tag_product_template_rel,2,account
account_account_tax_default_rel,2,account
account_accrued_orders_wizard,12,account
account_analytic_account,12,account
account_analytic_account_mrp_bom_rel,2,account
account_analytic_account_mrp_production_rel,2,account
account_analytic_account_mrp_workcenter_rel,2,account
account_analytic_applicability,11,account
account_analytic_distribution_model,13,account
account_analytic_line,36,account
account_analytic_line_calendar_employee,8,account
account_analytic_line_hr_timesheet_merge_wizard_rel,2,account
account_analytic_line_mrp_workorder_rel,2,account
account_analytic_line_stock_move_rel,2,account
account_analytic_plan,13,account
account_asset,38,account
account_asset_group,7,account
account_asset_maintenance_equipment_category_rel,2,account
account_audit_account_status,8,account
account_auto_reconcile_wizard,9,account
account_auto_reconcile_wizard_account_move_line_rel,2,account
account_auto_reconcile_wizard_res_partner_rel,2,account
account_automatic_entry_wizard,12,account
account_automatic_entry_wizard_account_move_line_rel,2,account
account_autopost_bills_wizard,7,account
account_bank_selection,7,account
account_bank_statement,17,account
account_bank_statement_ir_attachment_rel,2,account
account_bank_statement_line,28,account
account_bank_statement_line_transient,18,account
account_cash_rounding,11,account
account_change_lock_date,14,account
account_duplicate_transaction_wizard,7,account
account_financial_year_op,6,account
account_fiscal_category,10,account
account_fiscal_position,17,account
account_fiscal_position_account,9,account
account_fiscal_position_account_tax_rel,2,account
account_fiscal_position_res_country_state_rel,2,account
account_fiscal_year,9,account
account_followup_followup_line,20,account
account_followup_followup_line_res_users_rel,2,account
account_followup_manual_reminder,17,account
account_followup_manual_reminder_ir_attachment_rel,2,account
account_followup_missing_information_wizard,5,account
account_full_reconcile,5,account
account_group,10,account
account_import_summary,6,account
account_import_summary_account_journal_rel,2,account
account_import_summary_account_move_rel,2,account
account_import_summary_account_tax_rel,2,account
account_import_summary_res_partner_rel,2,account
account_incoterms,8,account
account_intrastat_code,13,account
account_invoice_transaction_rel,2,account
account_journal,35,account
account_journal_account_journal_group_rel,2,account
account_journal_account_reconcile_model_rel,2,account
account_journal_group,8,account
account_loan,21,account
account_loan_close_wizard,7,account
account_loan_compute_wizard,13,account
account_loan_line,12,account
account_lock_exception,13,account
account_merge_wizard,6,account
account_merge_wizard_line,11,account
account_missing_transaction_wizard,7,account
account_move,96,account
account_move__account_payment,2,account
account_move_account_move_send_batch_wizard_rel,2,account
account_move_account_resequence_wizard_rel,2,account
account_move_asset_modify_rel,2,account
account_move_deferred_rel,2,account
account_move_discount,9,account
account_move_helpdesk_ticket_rel,2,account
account_move_line,76,account
account_move_line_account_reconcile_wizard_rel,2,account
account_move_line_account_tax_rel,2,account
account_move_line_asset_modify_rel,2,account
account_move_purchase_order_rel,2,account
account_move_reversal,11,account
account_move_reversal_move,2,account
account_move_reversal_new_move,2,account
account_move_send_batch_wizard,5,account
account_move_send_wizard,17,account
account_move_send_wizard_res_partner_rel,2,account
account_move_validate_account_move_rel,2,account
account_multicurrency_revaluation_wizard,8,account
account_online_account,17,account
account_online_link,18,account
account_partial_reconcile,17,account
account_payment,39,account
account_payment_account_bank_statement_line_rel,2,account
account_payment_deduction,11,account
account_payment_dev_print_cheque_wizard_rel,2,account
account_payment_method,8,account
account_payment_method_line,11,account
account_payment_method_line_res_company_rel,2,account
account_payment_register,33,account
account_payment_register_move_line_rel,2,account
account_payment_term,15,account
account_payment_term_line,11,account
account_reconcile_model,19,account
account_reconcile_model_line,15,account
account_reconcile_model_line_account_tax_rel,2,account
account_reconcile_model_res_partner_rel,2,account
account_reconcile_wizard,14,account
account_report,40,account
account_report_account_report_horizontal_group_rel,2,account
account_report_annotation,7,account
account_report_budget,8,account
account_report_budget_item,9,account
account_report_column,13,account
account_report_expression,16,account
account_report_external_value,13,account
account_report_file_download_error_wizard,7,account
account_report_horizontal_group,6,account
account_report_horizontal_group_rule,8,account
account_report_line,18,account
account_report_section_rel,2,account
account_report_send,14,account
account_report_send_res_partner_rel,2,account
account_reports_export_wizard,8,account
account_reports_export_wizard_format,9,account
account_resequence_wizard,9,account
account_return,28,account
account_return_check,19,account
account_return_check_ir_attachment_rel,2,account
account_return_check_res_users_rel,2,account
account_return_check_template,18,account
account_return_check_template_res_country_rel,2,account
account_return_creation_wizard,21,account
account_return_ir_attachment_rel,2,account
account_return_payment_wizard,9,account
account_return_res_company_rel,2,account
account_return_submission_wizard,7,account
account_return_type,18,account
account_secure_entries_wizard,7,account
account_setup_bank_manual_config,9,account
account_tax,28,account
account_tax_alternatives,2,account
account_tax_filiation_rel,2,account
account_tax_group,14,account
account_tax_hr_expense_split_rel,2,account
account_tax_purchase_advance_payment_bill_rel,2,account
account_tax_purchase_order_line_rel,2,account
account_tax_repartition_line,13,account
account_tax_sale_order_line_rel,2,account
account_tax_unit,9,account
account_tax_unit_res_company_rel,2,account
account_withholding_tax,12,account
activity_attachment_rel,2,activity
add_iot_box,9,add
adjusting_entries__account_move,2,adjusting
ai_agent,13,ai
ai_agent_ai_topic_rel,2,ai
ai_agent_source,14,ai
ai_composer,10,ai
ai_composer_ir_model_rel,2,ai
ai_documents_sort,7,ai
ai_documents_sort_ir_act_server_rel,2,ai
ai_embedding,11,ai
ai_prompt_button,8,ai
ai_tool_ids_rel,2,ai
ai_topic,8,ai
ai_topic_ir_act_server_rel,2,ai
applicant_get_refuse_reason,13,applicant
applicant_get_refuse_reason_duplicate_applicants_rel,2,applicant
applicant_get_refuse_reason_hr_applicant_rel,2,applicant
applicant_get_refuse_reason_ir_attachment_rel,2,applicant
applicant_send_mail,10,applicant
applicant_send_mail_hr_applicant_rel,2,applicant
applicant_send_mail_ir_attachment_rel,2,applicant
appointment_answer,8,appointment
appointment_answer_input,12,appointment
appointment_booking_line,12,appointment
appointment_invite,13,appointment
appointment_invite_appointment_resource_rel,2,appointment
appointment_invite_appointment_type_rel,2,appointment
appointment_invite_res_users_rel,2,appointment
appointment_manage_leaves,8,appointment
appointment_manage_leaves_appointment_resource_rel,2,appointment
appointment_question,14,appointment
appointment_resource,14,appointment
appointment_resource_appointment_slot_rel,2,appointment
appointment_resource_linked_appointment_resource,2,appointment
appointment_slot,13,appointment
appointment_slot_res_users_rel,2,appointment
appointment_type,47,appointment
appointment_type_appointment_question_rel,2,appointment
appointment_type_appointment_resource_rel,2,appointment
appointment_type_calendar_alarm_rel,2,appointment
appointment_type_country_rel,2,appointment
appointment_type_res_users_rel,2,appointment
appraisal_ask_feedback,14,appraisal
appraisal_ask_feedback_hr_employee_rel,2,appraisal
appraisal_manager_rel,2,appraisal
appraisal_select_survey,6,appraisal
appraisal_select_survey_survey_user_input_rel,2,appraisal
approval_rule_users_to_notify_rel,2,approval
asset_modify,17,asset
asset_move_line_rel,2,asset
auth_passkey_key,9,auth
auth_passkey_key_create,6,auth
auth_totp_device,8,auth
auth_totp_rate_limit_log,8,auth
auth_totp_wizard,9,auth
auto_gen_job_type_cancel_wizard,7,auto
auto_gen_job_type_config,20,auto
auto_gen_job_type_counter,11,auto
auto_gen_job_type_history,18,auto
badge_unlocked_definition_rel,2,badge
barcode_nomenclature,9,barcode
barcode_rule,15,barcode
base_automation,25,base
base_automation_ir_model_fields_rel,2,base
base_automation_onchange_fields_rel,2,base
base_document_layout,8,base
base_enable_profiling_wizard,7,base
base_geo_provider,7,base
base_import_import,9,base
base_import_mapping,8,base
base_import_module,11,base
base_language_export,13,base
base_language_import,10,base
base_language_install,6,base
base_language_install_website_rel,2,base
base_module_install_request,8,base
base_module_install_review,6,base
base_module_uninstall,6,base
base_module_uninstall_ir_module_module_rel,2,base
base_module_update,8,base
base_module_upgrade,6,base
base_partner_merge_automatic_wizard,17,base
base_partner_merge_automatic_wizard_res_partner_rel,2,base
base_partner_merge_line,8,base
bh_brand,22,bh
bh_parent_company,34,bh
bh_store_type,14,bh
bill_to_po_wizard,7,bill
bus_bus,7,bus
calendar_alarm,15,calendar
calendar_alarm_calendar_event_rel,2,calendar
calendar_attendee,11,calendar
calendar_booking,21,calendar
calendar_booking_line,9,calendar
calendar_booking_res_partner_rel,2,calendar
calendar_event,38,calendar
calendar_event_res_partner_rel,2,calendar
calendar_event_type,7,calendar
calendar_filters,9,calendar
calendar_popover_delete_wizard,11,calendar
calendar_provider_config,12,calendar
calendar_recurrence,29,calendar
certificate_certificate,18,certificate
certificate_key,11,certificate
change_password_own,7,change
change_password_user,9,change
change_password_wizard,5,change
change_production_qty,7,change
chatbot_message,11,chatbot
chatbot_script,9,chatbot
chatbot_script_answer,9,chatbot
chatbot_script_answer_chatbot_script_step_rel,2,chatbot
chatbot_script_step,11,chatbot
chatbot_script_step_im_livechat_expertise_rel,2,chatbot
cheque_setting,81,cheque
choose_delivery_carrier,11,choose
city_zip_geonames_import,7,city
city_zip_geonames_import_res_country_rel,2,city
conf_prefix,13,conf
confirm_stock_sms,5,confirm
create_withholding_tax_cert,9,create
crm_convert_lead_mass_lead_rel,2,crm
crm_iap_lead_helpers,5,crm
crm_iap_lead_industry,9,crm
crm_iap_lead_industry_crm_iap_lead_mining_request_rel,2,crm
crm_iap_lead_mining_request,20,crm
crm_iap_lead_mining_request_crm_iap_lead_role_rel,2,crm
crm_iap_lead_mining_request_crm_tag_rel,2,crm
crm_iap_lead_mining_request_res_country_rel,2,crm
crm_iap_lead_mining_request_res_country_state_rel,2,crm
crm_iap_lead_role,8,crm
crm_iap_lead_seniority,7,crm
crm_lead,67,crm
crm_lead2opportunity_partner,13,crm
crm_lead2opportunity_partner_mass,14,crm
crm_lead2opportunity_partner_mass_res_users_rel,2,crm
crm_lead_convert2ticket,8,crm
crm_lead_crm_lead2opportunity_partner_mass_rel,2,crm
crm_lead_crm_lead2opportunity_partner_rel,2,crm
crm_lead_crm_lead_lost_rel,2,crm
crm_lead_lost,7,crm
crm_lead_pls_update,6,crm
crm_lead_pls_update_crm_lead_scoring_frequency_field_rel,2,crm
crm_lead_scoring_frequency,10,crm
crm_lead_scoring_frequency_field,7,crm
crm_lead_website_visitor_rel,2,crm
crm_lost_reason,7,crm
crm_merge_opportunity,7,crm
crm_quotation_partner,8,crm
crm_recurring_plan,9,crm
crm_stage,12,crm
crm_stage_crm_team_rel,2,crm
crm_tag,7,crm
crm_tag_rel,2,crm
crm_team,18,crm
crm_team_member,12,crm
custom_dashboard,8,custom
date_range,11,date
date_range_generator,13,date
date_range_type,17,date
db_backup_configure,56,db
decimal_precision,7,decimal
delivery_carrier,30,delivery
delivery_carrier_country_rel,2,delivery
delivery_carrier_state_rel,2,delivery
delivery_price_rule,13,delivery
delivery_zip_prefix,6,delivery
delivery_zip_prefix_rel,2,delivery
dev_print_cheque_wizard,11,dev
digest_digest,24,digest
digest_digest_res_users_rel,2,digest
digest_tip,9,digest
digest_tip_res_users_rel,2,digest
discuss_call_history,9,discuss
discuss_call_history_im_livechat_channel_member_history_rel,2,discuss
discuss_channel,40,discuss
discuss_channel_hr_department_rel,2,discuss
discuss_channel_im_livechat_expertise_rel,2,discuss
discuss_channel_member,18,discuss
discuss_channel_res_groups_rel,2,discuss
discuss_channel_rtc_session,12,discuss
discuss_gif_favorite,6,discuss
discuss_voice_metadata,6,discuss
display_device_id_select_printer,2,display
dms_acc_rep_export_wizard_format_rel,2,dms
dock_location_stock_picking_type_rel,2,dock
document_alias_tag_rel,2,document
document_tag_rel,2,document
documents_access,6,documents
documents_access_tracking,4,documents
documents_account_folder_setting,8,documents
documents_account_folder_setting_documents_tag_rel,2,documents
documents_document,47,documents
documents_document_documents_link_to_record_wizard_rel,2,documents
documents_document_documents_operation_rel,2,documents
documents_document_documents_sharing_rel,2,documents
documents_document_ir_attachment_rel,2,documents
documents_document_res_users_rel,2,documents
documents_fleet_tags_table,2,documents
documents_hr_contracts_tags_table,2,documents
documents_link_to_record_wizard,8,documents
documents_operation,13,documents
documents_redirect,4,documents
documents_request_wizard,15,documents
documents_request_wizard_documents_tag_rel,2,documents
documents_sharing,11,documents
documents_sharing_access,11,documents
documents_sharing_res_partner_rel,2,documents
documents_tag,9,documents
documents_tag_mail_activity_type_rel,2,documents
documents_tag_sign_template_rel,2,documents
dropbox_auth_code,6,dropbox
email_template_attachment_rel,2,email
employee_bank_account_rel,2,employee
employee_category_rel,2,employee
employee_commuting_emissions_wizard,7,employee
employees,2,employees
equity_security_class,10,equity
equity_transaction,16,equity
equity_ubo,14,equity
equity_valuation,9,equity
esg_activity_type,6,esg
esg_activity_type_esg_emission_factor_rel,2,esg
esg_assignation_line,9,esg
esg_database,9,esg
esg_emission_factor,21,esg
esg_emission_factor_line,10,esg
esg_emission_source,12,esg
esg_gas,10,esg
esg_other_emission,16,esg
expense_sample_receipt,5,expense
expense_tax,2,expense
expiry_picking_confirmation,6,expiry
expiry_picking_confirmation_mrp_production_rel,2,expiry
expiry_picking_confirmation_stock_lot_rel,2,expiry
expiry_picking_confirmation_stock_picking_rel,2,expiry
export_bom_wizard,7,export
export_purchase_order_wizard,7,export
export_sale_order_wizard,7,export
export_wiz_document_tag_rel,2,export
factors_auto_assignment_wizard,8,factors
fetchmail_server,29,fetchmail
fleet_disallowed_expenses_rate,8,fleet
fleet_service_type,7,fleet
fleet_service_type_fleet_vehicle_log_contract_rel,2,fleet
fleet_vehicle,53,fleet
fleet_vehicle_assignation_log,10,fleet
fleet_vehicle_fleet_vehicle_send_mail_rel,2,fleet
fleet_vehicle_log_contract,21,fleet
fleet_vehicle_log_services,23,fleet
fleet_vehicle_mail_compose_message_ir_attachments_rel,2,fleet
fleet_vehicle_model,51,fleet
fleet_vehicle_model_brand,8,fleet
fleet_vehicle_model_category,11,fleet
fleet_vehicle_model_vendors,2,fleet
fleet_vehicle_odometer,10,fleet
fleet_vehicle_send_mail,10,fleet
fleet_vehicle_state,8,fleet
fleet_vehicle_tag,7,fleet
fleet_vehicle_vehicle_tag_rel,2,fleet
frontdesk_drink,8,frontdesk
frontdesk_drink_frontdesk_frontdesk_rel,2,frontdesk
frontdesk_drink_frontdesk_visitor_rel,2,frontdesk
frontdesk_drink_res_users_rel,2,frontdesk
frontdesk_frontdesk,24,frontdesk
frontdesk_frontdesk_hr_employee_rel,2,frontdesk
frontdesk_frontdesk_res_users_rel,2,frontdesk
frontdesk_visitor,17,frontdesk
frontdesk_visitor_hr_employee_rel,2,frontdesk
fsm_stock_tracking,8,fsm
fsm_stock_tracking_line,12,fsm
gamification_badge,14,gamification
gamification_badge_rule_badge_rel,2,gamification
gamification_badge_user,12,gamification
gamification_badge_user_wizard,9,gamification
gamification_challenge,27,gamification
gamification_challenge_line,9,gamification
gamification_challenge_users_rel,2,gamification
gamification_goal,18,gamification
gamification_goal_definition,22,gamification
gamification_goal_wizard,7,gamification
gamification_invited_user_ids_rel,2,gamification
gamification_karma_rank,9,gamification
gamification_karma_tracking,13,gamification
google_calendar_account_reset,8,google
header_footer_quotation_template_rel,2,header
helpdesk_create_fsm_task,10,helpdesk
helpdesk_sla,13,helpdesk
helpdesk_sla_helpdesk_stage_rel,2,helpdesk
helpdesk_sla_helpdesk_tag_rel,2,helpdesk
helpdesk_sla_res_partner_rel,2,helpdesk
helpdesk_sla_status,11,helpdesk
helpdesk_stage,17,helpdesk
helpdesk_stage_delete_wizard,5,helpdesk
helpdesk_stage_delete_wizard_helpdesk_team_rel,2,helpdesk
helpdesk_stage_helpdesk_stage_delete_wizard_rel,2,helpdesk
helpdesk_tag,7,helpdesk
helpdesk_tag_assignment,7,helpdesk
helpdesk_tag_assignment_res_users_rel,2,helpdesk
helpdesk_tag_helpdesk_ticket_rel,2,helpdesk
helpdesk_team,50,helpdesk
helpdesk_team_res_users_rel,2,helpdesk
helpdesk_team_slide_channel_rel,2,helpdesk
helpdesk_ticket,47,helpdesk
helpdesk_ticket_convert_wizard,7,helpdesk
helpdesk_ticket_stock_picking_rel,2,helpdesk
helpdesk_ticket_to_lead,12,helpdesk
homework_location_wizard,9,homework
hr_applicant,57,hr
hr_applicant_category,7,hr
hr_applicant_category_hr_talent_pool_rel,2,hr
hr_applicant_category_talent_pool_add_applicants_rel,2,hr
hr_applicant_hr_applicant_category_rel,2,hr
hr_applicant_hr_recruitment_sign_document_wizard_rel,2,hr
hr_applicant_hr_skill_rel,2,hr
hr_applicant_hr_talent_pool_rel,2,hr
hr_applicant_job_add_applicants_rel,2,hr
hr_applicant_refuse_reason,9,hr
hr_applicant_res_users_interviewers_rel,2,hr
hr_applicant_skill,12,hr
hr_applicant_talent_pool_add_applicants_rel,2,hr
hr_appraisal,22,hr
hr_appraisal_campaign_wizard,12,hr
hr_appraisal_goal,18,hr
hr_appraisal_goal_hr_appraisal_goal_tag_rel,2,hr
hr_appraisal_goal_hr_appraisal_skill_rel,2,hr
hr_appraisal_goal_hr_department_rel,2,hr
hr_appraisal_goal_hr_employee_manager_rel,2,hr
hr_appraisal_goal_hr_employee_rel,2,hr
hr_appraisal_goal_hr_job_rel,2,hr
hr_appraisal_goal_skill,12,hr
hr_appraisal_goal_tag,7,hr
hr_appraisal_hr_employee_rel,2,hr
hr_appraisal_note,8,hr
hr_appraisal_skill,17,hr
hr_appraisal_skill_hr_employee_rel,2,hr
hr_appraisal_survey_mail_compose_message_ir_attachments_rel,2,hr
hr_appraisal_survey_survey_rel,2,hr
hr_appraisal_template,10,hr
hr_appraisal_template_hr_department_rel,2,hr
hr_appraisal_template_survey_survey_rel,2,hr
hr_attendance,24,hr
hr_attendance_overtime_line,15,hr
hr_attendance_overtime_line_hr_attendance_overtime_rule_rel,2,hr
hr_attendance_overtime_rule,23,hr
hr_attendance_overtime_ruleset,11,hr
hr_bank_account_allocation_wizard,6,hr
hr_bank_account_allocation_wizard_line,11,hr
hr_contract_sign_document_wizard,11,hr
hr_contract_sign_document_wizard_hr_employee_rel,2,hr
hr_contract_sign_document_wizard_ir_attachment_rel,2,hr
hr_contract_sign_document_wizard_res_partner_rel,2,hr
hr_contract_sign_document_wizard_sign_template_rel,2,hr
hr_contract_type,9,hr
hr_department,15,hr
hr_department_hr_leave_mandatory_day_rel,2,hr
hr_departure_reason,8,hr
hr_departure_wizard,13,hr
hr_departure_wizard_hr_employee_rel,2,hr
hr_employee,78,hr
hr_employee_category,7,hr
hr_employee_cv_wizard,10,hr
hr_employee_delete_wizard,5,hr
hr_employee_hr_employee_cv_wizard_rel,2,hr
hr_employee_hr_employee_delete_wizard_rel,2,hr
hr_employee_hr_leave_allocation_generate_multi_wizard_rel,2,hr
hr_employee_hr_leave_generate_multi_wizard_rel,2,hr
hr_employee_hr_payroll_index_rel,2,hr
hr_employee_hr_referral_campaign_wizard_rel,2,hr
hr_employee_hr_salary_attachment_rel,2,hr
hr_employee_hr_skill_rel,2,hr
hr_employee_hr_work_entry_regeneration_wizard_rel,2,hr
hr_employee_location,8,hr
hr_employee_mrp_workcenter_rel,2,hr
hr_employee_mrp_workorder_rel,2,hr
hr_employee_planning_send_rel,2,hr
hr_employee_sign_request_rel,2,hr
hr_employee_skill,12,hr
hr_expense,45,hr
hr_expense_approve_duplicate,5,hr
hr_expense_hr_expense_approve_duplicate_rel,2,hr
hr_expense_hr_expense_refuse_wizard_rel,2,hr
hr_expense_post_wizard,8,hr
hr_expense_refuse_wizard,6,hr
hr_expense_split,19,hr
hr_expense_split_wizard,6,hr
hr_holidays_cancel_leave,7,hr
hr_holidays_summary_employee,7,hr
hr_job,37,hr
hr_job_extended_interviewer_res_users,2,hr
hr_job_hr_leave_mandatory_day_rel,2,hr
hr_job_hr_recruitment_stage_rel,2,hr
hr_job_hr_skill_rel,2,hr
hr_job_job_add_applicants_rel,2,hr
hr_job_platform,8,hr
hr_job_res_users_rel,2,hr
hr_job_skill,12,hr
hr_leave,33,hr
hr_leave_accrual_level,32,hr
hr_leave_accrual_plan,17,hr
hr_leave_allocation,29,hr
hr_leave_allocation_generate_multi_wizard,17,hr
hr_leave_generate_multi_wizard,13,hr
hr_leave_mandatory_day,11,hr
hr_leave_type,31,hr
hr_leave_type_res_users_rel,2,hr
hr_payroll_dashboard_warning,11,hr
hr_payroll_edit_payslip_line,14,hr
hr_payroll_edit_payslip_lines_wizard,6,hr
hr_payroll_edit_payslip_worked_days_line,12,hr
hr_payroll_employee_declaration,15,hr
hr_payroll_headcount,10,hr
hr_payroll_headcount_line,8,hr
hr_payroll_headcount_line_hr_payroll_headcount_working_rate_rel,2,hr
hr_payroll_headcount_working_rate,7,hr
hr_payroll_index,7,hr
hr_payroll_index_hr_version_rel,2,hr
hr_payroll_note,8,hr
hr_payroll_payment_report_wizard,8,hr
hr_payroll_payment_report_wizard_hr_payslip_rel,2,hr
hr_payroll_structure,19,hr
hr_payroll_structure_hr_payslip_input_type_rel,2,hr
hr_payroll_structure_hr_salary_rule_section_rel,2,hr
hr_payroll_structure_hr_work_entry_type_rel,2,hr
hr_payroll_structure_type,13,hr
hr_payslip,48,hr
hr_payslip_correction_wizard,8,hr
hr_payslip_hr_salary_attachment_rel,2,hr
hr_payslip_input,10,hr
hr_payslip_input_type,12,hr
hr_payslip_line,19,hr
hr_payslip_run,20,hr
hr_payslip_worked_days,16,hr
hr_recruitment_degree,8,hr
hr_recruitment_sign_document_wizard,9,hr
hr_recruitment_sign_document_wizard_ir_attachment_rel,2,hr
hr_recruitment_sign_document_wizard_res_partner_rel,2,hr
hr_recruitment_sign_document_wizard_sign_template_rel,2,hr
hr_recruitment_source,10,hr
hr_recruitment_stage,18,hr
hr_referral_alert,12,hr
hr_referral_alert_mail_wizard,7,hr
hr_referral_alert_users_rel,2,hr
hr_referral_campaign_wizard,9,hr
hr_referral_friend,7,hr
hr_referral_level,7,hr
hr_referral_link_to_share,7,hr
hr_referral_onboarding,8,hr
hr_referral_points,11,hr
hr_referral_reward,12,hr
hr_referral_send_mail,9,hr
hr_referral_send_sms,7,hr
hr_resume_line,20,hr
hr_resume_line_type,9,hr
hr_rule_parameter,9,hr
hr_rule_parameter_value,9,hr
hr_salary_attachment,18,hr
hr_salary_rule,48,hr
hr_salary_rule_category,10,hr
hr_salary_rule_credit_tag_rel,2,hr
hr_salary_rule_debit_tag_rel,2,hr
hr_salary_rule_section,7,hr
hr_skill,8,hr
hr_skill_level,9,hr
hr_skill_type,11,hr
hr_talent_pool,11,hr
hr_talent_pool_talent_pool_add_applicants_rel,2,hr
hr_timesheet_merge_wizard,12,hr
hr_timesheet_stop_timer_confirmation_wizard,8,hr
hr_timesheet_tip,6,hr
hr_user_work_entry_employee,9,hr
hr_version,68,hr
hr_version_sign_request_rel,2,hr
hr_version_wizard,6,hr
hr_work_entry,21,hr
hr_work_entry_regeneration_wizard,7,hr
hr_work_entry_type,19,hr
hr_work_location,11,hr
html_editor_converter_test,16,html
html_editor_converter_test_sub,6,html
iap_account,13,iap
iap_account_res_company_rel,2,iap
iap_account_res_users_rel,2,iap
iap_service,10,iap
im_livechat_channel,16,im
im_livechat_channel_country_rel,2,im
im_livechat_channel_im_user,2,im
im_livechat_channel_member_history,18,im
im_livechat_channel_member_history_discuss_channel_agent_rel,2,im
im_livechat_channel_member_history_discuss_channel_bot_rel,2,im
im_livechat_channel_member_history_discuss_channel_customer_rel,2,im
im_livechat_channel_member_history_im_livechat_expertise_rel,2,im
im_livechat_channel_rule,12,im
im_livechat_conversation_tag,7,im
im_livechat_expertise,6,im
im_livechat_expertise_res_users_settings_rel,2,im
import_bank_statement,6,import
import_bom,7,import
import_chart_account,6,import
import_client,6,import
import_equipments,8,import
import_inventory,7,import
import_inventory_adjustment,12,import
import_invoice,10,import
import_invoice_line,8,import
import_journal_entry,6,import
import_journal_journal,6,import
import_product,8,import
import_product_pricelist,6,import
import_purchase_order,10,import
import_purchase_order_line,8,import
import_sale_order,11,import
import_sale_order_line,8,import
import_sale_pricelist,10,import
import_vendor_pricelist,6,import
iot_box,13,iot
iot_device,15,iot
iot_device_ir_act_report_xml_rel,2,iot
iot_device_select_printers_wizard_rel,2,iot
iot_device_stock_picking_type_rel,2,iot
iot_discovered_box,8,iot
iot_keyboard_layout,8,iot
iot_trigger,10,iot
ir_act_client,6,ir
ir_act_report_xml,13,ir
ir_act_server,49,ir
ir_act_server_group_rel,2,ir
ir_act_server_res_partner_rel,2,ir
ir_act_server_webhook_field_rel,2,ir
ir_act_url,3,ir
ir_act_window,14,ir
ir_act_window_group_rel,2,ir
ir_act_window_view,10,ir
ir_actions,12,ir
ir_actions_server_history,7,ir
ir_actions_todo,9,ir
ir_asset,15,ir
ir_attachment,25,ir
ir_attachment_sign_request_rel,2,ir
ir_attachment_sign_send_request_rel,2,ir
ir_attachment_slide_channel_invite_rel,2,ir
ir_config_parameter,7,ir
ir_cron,16,ir
ir_cron_progress,10,ir
ir_cron_trigger,7,ir
ir_default,10,ir
ir_demo,5,ir
ir_demo_failure,8,ir
ir_demo_failure_wizard,5,ir
ir_embedded_actions,16,ir
ir_embedded_actions_res_groups_rel,2,ir
ir_exports,7,ir
ir_exports_line,7,ir
ir_filters,15,ir
ir_filters_res_users_rel,2,ir
ir_logging,13,ir
ir_mail_server,28,ir
ir_model,20,ir
ir_model_access,13,ir
ir_model_constraint,11,ir
ir_model_data,11,ir
ir_model_fields,48,ir
ir_model_fields_group_rel,2,ir
ir_model_fields_selection,9,ir
ir_model_fields_studio_export_model_rel,2,ir
ir_model_inherit,4,ir
ir_model_relation,8,ir
ir_model_spreadsheet_dashboard_rel,2,ir
ir_module_category,11,ir
ir_module_module,31,ir
ir_module_module_dependency,4,ir
ir_module_module_exclusion,7,ir
ir_profile,14,ir
ir_rule,14,ir
ir_sequence,16,ir
ir_sequence_date_range,9,ir
ir_ui_menu,13,ir
ir_ui_menu_group_rel,2,ir
ir_ui_view,29,ir
ir_ui_view_4770_backup,29,ir
ir_ui_view_backup_20260508,29,ir
ir_ui_view_custom,8,ir
ir_ui_view_group_rel,2,ir
ir_ui_view_quality_backup,29,ir
jasper_report,16,jasper
jasper_report_mail_template_rel,2,jasper
jasper_report_run,13,jasper
job_add_applicants,5,job
job_favorite_user_rel,2,job
link_tracker,12,link
link_tracker_click,9,link
link_tracker_code,7,link
livechat_conversation_tag_rel,2,livechat
lot_label_layout,7,lot
lot_label_layout_stock_move_line_rel,2,lot
mail_activity,24,mail
mail_activity_plan,11,mail
mail_activity_plan_mail_activity_schedule_rel,2,mail
mail_activity_plan_template,17,mail
mail_activity_plan_template_mail_activity_type_rel,2,mail
mail_activity_rel,2,mail
mail_activity_schedule,16,mail
mail_activity_schedule_line,9,mail
mail_activity_todo_create,9,mail
mail_activity_type,22,mail
mail_activity_type_mail_template_rel,2,mail
mail_alias,17,mail
mail_alias_domain,10,mail
mail_blacklist,7,mail
mail_blacklist_remove,7,mail
mail_canned_response,9,mail
mail_canned_response_res_groups_rel,2,mail
mail_compose_message,38,mail
mail_compose_message_ir_attachments_rel,2,mail
mail_compose_message_res_partner_rel,2,mail
mail_followers,4,mail
mail_followers_edit,10,mail
mail_followers_edit_res_partner_rel,2,mail
mail_followers_mail_message_subtype_rel,2,mail
mail_gateway_allowed,7,mail
mail_guest,11,mail
mail_ice_server,9,mail
mail_link_preview,13,mail
mail_mail,18,mail
mail_mail_res_partner_rel,2,mail
mail_message,30,mail
mail_message_link_preview,9,mail
mail_message_reaction,5,mail
mail_message_res_partner_rel,2,mail
mail_message_res_partner_starred_rel,2,mail
mail_message_schedule,8,mail
mail_message_subtype,15,mail
mail_message_translation,9,mail
mail_notification,15,mail
mail_presence,6,mail
mail_push,7,mail
mail_push_device,9,mail
mail_scheduled_message,16,mail
mail_scheduled_message_res_partner_rel,2,mail
mail_template,26,mail
mail_template_ir_actions_report_rel,2,mail
mail_template_mail_template_reset_rel,2,mail
mail_template_preview,8,mail
mail_template_reset,5,mail
mail_tracking_value,19,mail
maintenance_equipment,56,maintenance
maintenance_equipment_category,15,maintenance
maintenance_request,41,maintenance
maintenance_request_resource_calendar_leaves_rel,2,maintenance
maintenance_stage,10,maintenance
maintenance_team,10,maintenance
maintenance_team_users_rel,2,maintenance
managers,2,managers
masterfile_color,11,masterfile
masterfile_partcode,11,masterfile
masterfile_parttype,12,masterfile
meeting_category_rel,2,meeting
merge_opportunity_rel,2,merge
message_attachment_rel,2,message
module_country,2,module
mrp_account_wip_accounting,9,mrp
mrp_account_wip_accounting_line,11,mrp
mrp_account_wip_accounting_mrp_production_rel,2,mrp
mrp_bom,25,mrp
mrp_bom_byproduct,13,mrp
mrp_bom_byproduct_product_template_attribute_value_rel,2,mrp
mrp_bom_line,14,mrp
mrp_bom_line_product_template_attribute_value_rel,2,mrp
mrp_bom_stock_replenishment_info_rel,2,mrp
mrp_bom_subcontractor,2,mrp
mrp_consumption_warning,5,mrp
mrp_consumption_warning_line,10,mrp
mrp_consumption_warning_mrp_production_rel,2,mrp
mrp_eco,27,mrp
mrp_eco_approval,13,mrp
mrp_eco_approval_template,9,mrp
mrp_eco_approval_template_res_users_rel,2,mrp
mrp_eco_bom_change,20,mrp
mrp_eco_mrp_eco_tag_rel,2,mrp
mrp_eco_routing_change,13,mrp
mrp_eco_stage,16,mrp
mrp_eco_stage_type_rel,2,mrp
mrp_eco_tag,7,mrp
mrp_eco_type,9,mrp
mrp_mps_forecast_details,5,mrp
mrp_mps_forecast_details_purchase_order_line_rel,2,mrp
mrp_mps_forecast_details_stock_move_rel,2,mrp
mrp_mps_forecast_suggestion,9,mrp
mrp_product_forecast,11,mrp
mrp_production,42,mrp
mrp_production_additional_workorder,11,mrp
mrp_production_backorder,5,mrp
mrp_production_backorder_line,8,mrp
mrp_production_group,6,mrp
mrp_production_group_rel,2,mrp
mrp_production_mrp_production_backorder_rel,2,mrp
mrp_production_picking_label_type_rel,2,mrp
mrp_production_schedule,16,mrp
mrp_production_serials,10,mrp
mrp_production_split,7,mrp
mrp_production_split_line,9,mrp
mrp_production_split_multi,5,mrp
mrp_production_stock_landed_cost_rel,2,mrp
mrp_production_stock_lot_rel,2,mrp
mrp_routing_workcenter,15,mrp
mrp_routing_workcenter_dependencies_rel,2,mrp
mrp_routing_workcenter_product_template_attribute_value_rel,2,mrp
mrp_unbuild,16,mrp
mrp_workcenter,29,mrp
mrp_workcenter_alternative_rel,2,mrp
mrp_workcenter_capacity,11,mrp
mrp_workcenter_mrp_workcenter_tag_rel,2,mrp
mrp_workcenter_productivity,17,mrp
mrp_workcenter_productivity_loss,9,mrp
mrp_workcenter_productivity_loss_type,6,mrp
mrp_workcenter_tag,7,mrp
mrp_workorder,29,mrp
mrp_workorder_additional_employee_assigned,2,mrp
mrp_workorder_dependencies_rel,2,mrp
mrp_workorder_employee_assigned,2,mrp
mrp_workorder_mo_analytic_rel,2,mrp
mrp_workorder_quality_point_rel,2,mrp
mrp_workorder_wc_analytic_rel,2,mrp
onboarding_onboarding,10,onboarding
onboarding_onboarding_onboarding_onboarding_step_rel,2,onboarding
onboarding_onboarding_step,15,onboarding
onboarding_progress,9,onboarding
onboarding_progress_onboarding_progress_step_rel,2,onboarding
onboarding_progress_step,8,onboarding
orm_signaling_assets,2,orm
orm_signaling_default,2,orm
orm_signaling_groups,2,orm
orm_signaling_registry,2,orm
orm_signaling_routing,2,orm
orm_signaling_stable,2,orm
orm_signaling_templates,2,orm
payment_capture_wizard,7,payment
payment_capture_wizard_payment_transaction_rel,2,payment
payment_country_rel,2,payment
payment_currency_rel,2,payment
payment_link_wizard,16,payment
payment_method,13,payment
payment_method_payment_provider_rel,2,payment
payment_method_res_country_rel,2,payment
payment_method_res_currency_rel,2,payment
payment_provider,30,payment
payment_refund_wizard,7,payment
payment_token,12,payment
payment_transaction,34,payment
payslip_tags_table,2,payslip
phone_blacklist,7,phone
phone_blacklist_remove,7,phone
picking_label_type,6,picking
picking_label_type_stock_picking_rel,2,picking
picking_type_favorite_user_rel,2,picking
planning_calendar_resource,8,planning
planning_planning,11,planning
planning_preview,6,planning
planning_recurrency,12,planning
planning_role,10,planning
planning_send,9,planning
planning_send_planning_slot_rel,2,planning
planning_slot,32,planning
planning_slot_template,13,planning
portal_share,8,portal
portal_share_res_partner_rel,2,portal
portal_wizard,6,portal
portal_wizard_res_partner_rel,2,portal
portal_wizard_user,8,portal
privacy_log,12,privacy
privacy_lookup_wizard,9,privacy
privacy_lookup_wizard_line,14,privacy
product_accessory_rel,2,product
product_alternative_rel,2,product
product_attr_exclusion_value_ids_rel,2,product
product_attribute,14,product
product_attribute_category,7,product
product_attribute_custom_value,8,product
product_attribute_product_template_rel,2,product
product_attribute_value,13,product
product_attribute_value_product_template_attribute_line_rel,2,product
product_category,25,product
product_category_quality_point_rel,2,product
product_category_stock_picking_type_rel,2,product
product_combo,8,product
product_combo_item,9,product
product_combo_product_template_rel,2,product
product_customer_info,12,product
product_document,12,product
product_document_sale_pdf_form_field_rel,2,product
product_feed,13,product
product_feed_product_public_category_rel,2,product
product_fetch_image_wizard,8,product
product_fetch_image_wizard_product_product_rel,2,product
product_image,11,product
product_label_layout,12,product
product_label_layout_product_product_rel,2,product
product_label_layout_product_template_rel,2,product
product_label_layout_stock_move_rel,2,product
product_optional_rel,2,product
product_pricelist,13,product
product_pricelist_item,27,product
product_product,24,product
product_product_quality_point_rel,2,product
product_public_category,21,product
product_public_category_product_template_rel,2,product
product_removal,7,product
product_replenish,16,product
product_ribbon,13,product
product_supplier_taxes_rel,2,product
product_supplierinfo,21,product
product_supplierinfo_stock_replenishment_info_rel,2,product
product_tag,10,product
product_tag_delivery_carrier_excluded_rel,2,product
product_tag_delivery_carrier_must_have_rel,2,product
product_tag_product_product_rel,2,product
product_tag_product_template_rel,2,product
product_tags_table,2,product
product_taxes_rel,2,product
product_template,111,product
product_template_attribute_exclusion,7,product
product_template_attribute_line,10,product
product_template_attribute_value,12,product
product_template_attribute_value_purchase_order_line_rel,2,product
product_template_attribute_value_sale_order_line_rel,2,product
product_template_file_line,9,product
product_template_uom_uom_rel,2,product
product_uom,9,product
product_value,13,product
product_variant_combination,2,product
product_wishlist,11,product
project_collaborator,8,project
project_favorite_user_rel,2,project
project_milestone,13,project
project_project,43,project
project_project_project_tags_rel,2,project
project_project_project_task_type_delete_wizard_rel,2,project
project_project_stage,13,project
project_project_stage_delete_wizard,5,project
project_project_stage_project_project_stage_delete_wizard_rel,2,project
project_role,9,project
project_role_project_task_rel,2,project
project_sale_line_employee_map,13,project
project_share_collaborator_wizard,9,project
project_share_wizard,8,project
project_share_wizard_res_partner_rel,2,project
project_tags,7,project
project_tags_project_task_rel,2,project
project_task,58,project
project_task_convert_wizard,7,project
project_task_recurrence,9,project
project_task_stop_timers_wizard,5,project
project_task_stop_timers_wizard_line,7,project
project_task_type,20,project
project_task_type_delete_wizard,5,project
project_task_type_project_task_type_delete_wizard_rel,2,project
project_task_type_rel,2,project
project_task_user_rel,8,project
project_template_create_wizard,12,project
project_template_role_to_users_map,7,project
project_template_role_to_users_map_res_users_rel,2,project
project_update,18,project
properties_base_definition,7,properties
propose_change,11,propose
purchase_advance_payment_bill,15,purchase
purchase_advance_payment_bill_purchase_order_rel,2,purchase
purchase_order,54,purchase
purchase_order_discount,9,purchase
purchase_order_group,5,purchase
purchase_order_level_reject,9,purchase
purchase_order_line,38,purchase
purchase_order_stock_picking_rel,2,purchase
purchase_request,28,purchase
purchase_request_allocation,11,purchase
purchase_request_level_reject,9,purchase
purchase_request_line,32,purchase
purchase_request_line_make_purchase_order,8,purchase
purchase_request_line_make_purchase_order_item,11,purchase
purchase_request_purchase_order_line_rel,2,purchase
purchase_request_rejected,6,purchase
purchase_requisition,19,purchase
purchase_requisition_alternative_warning,5,purchase
purchase_requisition_create_alternative,7,purchase
purchase_requisition_create_alternative_res_partner_rel,2,purchase
purchase_requisition_line,14,purchase
qr_code_payment_wizard,9,qr
quality_alert,27,quality
quality_alert_quality_tag_rel,2,quality
quality_alert_stage,9,quality
quality_alert_stage_quality_alert_team_rel,2,quality
quality_alert_stock_lot_rel,2,quality
quality_alert_team,10,quality
quality_check,40,quality
quality_check_quality_check_wizard_rel,2,quality
quality_check_spreadsheet,7,quality
quality_check_stock_lot_rel,2,quality
quality_check_wizard,8,quality
quality_point,33,quality
quality_point_stock_location_rel,2,quality
quality_point_stock_picking_type_rel,2,quality
quality_point_test_type,8,quality
quality_reason,6,quality
quality_spreadsheet_template,7,quality
quality_tag,7,quality
quotation_document,10,quotation
quotation_document_sale_order_rel,2,quotation
quotation_document_sale_pdf_form_field_rel,2,quotation
rating_rating,26,rating
rel_badge_auth_users,2,rel
rel_followup_manual_reminder_res_partner,2,rel
rel_modules_langexport,2,rel
rel_slide_tag,2,rel
rel_studio_export_wizard_data,2,rel
rel_upload_groups,2,rel
repair_order,33,repair
repair_order_repair_tags_rel,2,repair
repair_tags,7,repair
report_layout,10,report
report_paperformat,20,report
request_appraisal,13,request
request_appraisal_res_partner_rel,2,request
res_bank,16,res
res_city,9,res
res_city_zip,9,res
res_company,259,res
res_company_spreadsheet_dashboard_rel,2,res
res_company_users_rel,2,res
res_config,5,res
res_config_settings,258,res
res_country,18,res
res_country_group,7,res
res_country_group_pricelist_rel,2,res
res_country_group_res_country_state_rel,2,res
res_country_res_country_group_rel,2,res
res_country_state,8,res
res_currency,15,res
res_currency_rate,9,res
res_device_log,16,res
res_groups,11,res
res_groups_implied_rel,2,res
res_groups_privilege,10,res
res_groups_report_rel,2,res
res_groups_sign_template_rel,2,res
res_groups_slide_channel_rel,2,res
res_groups_spreadsheet_dashboard_rel,2,res
res_groups_spreadsheet_document_to_dashboard_rel,2,res
res_groups_users_rel,2,res
res_groups_website_menu_rel,2,res
res_lang,17,res
res_lang_install_rel,2,res
res_lang_res_users_settings_rel,2,res
res_lang_survey_survey_rel,2,res
res_partner,141,res
res_partner_bank,22,res
res_partner_category,10,res
res_partner_company_type,9,res
res_partner_industry,8,res
res_partner_res_partner_category_rel,2,res
res_partner_sign_send_request_rel,2,res
res_partner_slide_channel_invite_rel,2,res
res_partner_task_share_wizard_rel,2,res
res_partner_title,7,res
res_role,6,res
res_role_res_users_rel,2,res
res_user_approval_rule_notify_rel,2,res
res_users,35,res
res_users_apikeys,8,res
res_users_apikeys_description,8,res
res_users_deletion,8,res
res_users_identitycheck,7,res
res_users_log,5,res
res_users_settings,22,res
res_users_settings_embedded_action,12,res
res_users_settings_volumes,9,res
res_users_sign_request_rel,2,res
res_users_spreadsheet_dashboard_rel,2,res
res_users_studio_approval_rule_delegate_rel,2,res
res_users_survey_survey_rel,2,res
res_users_web_tour_tour_rel,2,res
reset_view_arch_wizard,8,reset
resource_calendar,16,resource
resource_calendar_attendance,17,resource
resource_calendar_leaves,15,resource
resource_resource,15,resource
resource_resource_planning_role_rel,2,resource
rule_group_rel,2,rule
sale_additional_detail,11,sale
sale_advance_payment_inv,15,sale
sale_advance_payment_inv_sale_order_rel,2,sale
sale_job_type,11,sale
sale_mass_cancel_orders,5,sale
sale_order,78,sale
sale_order_discount,9,sale
sale_order_line,58,sale
sale_order_line_invoice_rel,2,sale
sale_order_line_product_document_rel,2,sale
sale_order_line_stock_route_rel,2,sale
sale_order_mass_cancel_wizard_rel,2,sale
sale_order_reject_wizard,9,sale
sale_order_spreadsheet,8,sale
sale_order_tag_rel,2,sale
sale_order_template,17,sale
sale_order_template_line,14,sale
sale_order_transaction_rel,2,sale
sale_pdf_form_field,8,sale
save_spreadsheet_template,6,save
scheduled_message_attachment_rel,2,scheduled
select_printers_wizard,6,select
server_action_history_wizard,7,server
sign_completed_document,7,sign
sign_document,9,sign
sign_import_documents,6,sign
sign_item,19,sign
sign_item_option,6,sign
sign_item_option_rel,2,sign
sign_item_radio_set,5,sign
sign_item_role,11,sign
sign_item_type,14,sign
sign_log,17,sign
sign_request,26,sign
sign_request_completed_document_rel,2,sign
sign_request_item,20,sign
sign_request_item_value,10,sign
sign_request_share,8,sign
sign_request_sign_template_tag_rel,2,sign
sign_send_request,22,sign
sign_send_request_signer,9,sign
sign_template,16,sign
sign_template_authorized_users_rel,2,sign
sign_template_favorited_users_rel,2,sign
sign_template_preview,7,sign
sign_template_sign_template_tag_rel,2,sign
sign_template_tag,7,sign
slide_answer,10,slide
slide_channel,51,slide
slide_channel_invite,12,slide
slide_channel_partner,13,slide
slide_channel_prerequisite_slide_channel_rel,2,slide
slide_channel_tag,10,slide
slide_channel_tag_group,8,slide
slide_channel_tag_rel,2,slide
slide_embed,8,slide
slide_question,8,slide
slide_slide,46,slide
slide_slide_partner,12,slide
slide_slide_resource,11,slide
slide_tag,6,slide
sms_account_code,7,sms
sms_account_phone,7,sms
sms_account_sender,7,sms
sms_composer,17,sms
sms_sms,13,sms
sms_template,12,sms
sms_template_preview,8,sms
sms_template_reset,5,sms
sms_template_sms_template_reset_rel,2,sms
sms_tracker,7,sms
snailmail_letter,25,snailmail
spreadsheet_cell_thread,9,spreadsheet
spreadsheet_contributor,8,spreadsheet
spreadsheet_dashboard,10,spreadsheet
spreadsheet_dashboard_group,7,spreadsheet
spreadsheet_dashboard_share,7,spreadsheet
spreadsheet_document_to_dashboard,8,spreadsheet
spreadsheet_revision,14,spreadsheet
spreadsheet_template,7,spreadsheet
stock_add_to_wave,8,stock
stock_add_to_wave_stock_move_line_rel,2,stock
stock_add_to_wave_stock_picking_rel,2,stock
stock_backorder_confirmation,6,stock
stock_backorder_confirmation_line,8,stock
stock_barcode_cancel_operation,7,stock
stock_conflict_quant_rel,2,stock
stock_inventory_adjustment_name,8,stock
stock_inventory_adjustment_name_stock_quant_rel,2,stock
stock_inventory_conflict,5,stock
stock_inventory_conflict_stock_quant_rel,2,stock
stock_inventory_warning,5,stock
stock_inventory_warning_stock_quant_rel,2,stock
stock_landed_cost,15,stock
stock_landed_cost_lines,11,stock
stock_landed_cost_stock_picking_rel,2,stock
stock_location,21,stock
stock_location_stock_picking_type_rel,2,stock
stock_lot,19,stock
stock_move,71,stock
stock_move_created_purchase_line_rel,2,stock
stock_move_line,30,stock
stock_move_line_consume_rel,2,stock
stock_move_line_stock_put_in_pack_rel,2,stock
stock_move_move_rel,2,stock
stock_notification_product_partner_rel,2,stock
stock_orderpoint_snooze,7,stock
stock_orderpoint_snooze_stock_warehouse_orderpoint_rel,2,stock
stock_package,15,stock
stock_package_destination,6,stock
stock_package_history,15,stock
stock_package_history_stock_picking_rel,2,stock
stock_package_stock_put_in_pack_rel,2,stock
stock_package_type,18,stock
stock_package_type_stock_putaway_rule_rel,2,stock
stock_package_type_stock_route_rel,2,stock
stock_picking,40,stock
stock_picking_backorder_rel,2,stock
stock_picking_batch,19,stock
stock_picking_sms_rel,2,stock
stock_picking_to_batch,10,stock
stock_picking_type,88,stock
stock_put_in_pack,11,stock
stock_putaway_rule,14,stock
stock_quant,22,stock
stock_quant_relocate,8,stock
stock_quant_stock_quant_relocate_rel,2,stock
stock_quant_stock_request_count_rel,2,stock
stock_quantity_history,6,stock
stock_reference,6,stock
stock_reference_move_rel,2,stock
stock_reference_production_rel,2,stock
stock_reference_purchase_rel,2,stock
stock_reference_repair_rel,2,stock
stock_reference_sale_rel,2,stock
stock_replenishment_info,8,stock
stock_replenishment_option,8,stock
stock_request_count,7,stock
stock_return_picking,7,stock
stock_return_picking_line,10,stock
stock_route,17,stock
stock_route_categ,2,stock
stock_route_move,2,stock
stock_route_product,2,stock
stock_route_shipping,2,stock
stock_route_stock_rules_report_rel,2,stock
stock_route_warehouse,2,stock
stock_rule,24,stock
stock_rules_report,8,stock
stock_rules_report_stock_warehouse_rel,2,stock
stock_scrap,23,stock
stock_scrap_reason_tag,8,stock
stock_scrap_stock_scrap_reason_tag_rel,2,stock
stock_storage_category,9,stock
stock_storage_category_capacity,9,stock
stock_traceability_report,5,stock
stock_valuation_adjustment_lines,16,stock
stock_warehouse,51,stock
stock_warehouse_orderpoint,22,stock
stock_warn_insufficient_qty_repair,10,stock
stock_warn_insufficient_qty_scrap,10,stock
stock_warn_insufficient_qty_unbuild,10,stock
stock_wh_resupply_table,2,stock
studio_approval_entry,13,studio
studio_approval_request,8,studio
studio_approval_rule,16,studio
studio_approval_rule_approver,9,studio
studio_approval_rule_delegate,7,studio
studio_export_model,12,studio
studio_export_wizard,7,studio
studio_export_wizard_data,14,studio
summary_emp_rel,2,summary
survey_invite,15,survey
survey_invite_partner_ids,2,survey
survey_mail_compose_message_ir_attachments_rel,2,survey
survey_question,46,survey
survey_question_answer,13,survey
survey_question_survey_question_answer_rel,2,survey
survey_question_survey_user_input_rel,2,survey
survey_survey,41,survey
survey_survey_res_users_appraisal_rel,2,survey
survey_user_input,27,survey
survey_user_input_line,21,survey
talent_pool_add_applicants,5,talent
task_dependencies_rel,2,task
task_share_wizard,9,task
team_favorite_user_rel,2,team
team_stage_auto_close_from_rel,2,team
team_stage_rel,2,team
template_attribute_value_mrp_production_rel,2,template
template_attribute_value_stock_move_rel,2,template
theme_ir_asset,13,theme
theme_ir_attachment,8,theme
theme_ir_ui_view,15,theme
theme_website_menu,14,theme
theme_website_page,15,theme
timer_timer,12,timer
uom_uom,14,uom
update_product_attribute_value,7,update
utm_campaign,13,utm
utm_medium,7,utm
utm_source,6,utm
utm_stage,7,utm
utm_tag,7,utm
utm_tag_rel,2,utm
validate_account_move,9,validate
warning_purchase_order_alternative_rel,2,warning
warning_purchase_order_rel,2,warning
web_tour_tour,10,web
web_tour_tour_step,11,web
website,79,website
website_base_unit,6,website
website_checkout_step,12,website
website_configurator_feature,16,website
website_controller_page,13,website
website_custom_blocked_third_party_domains,6,website
website_lang_rel,2,website
website_menu,17,website
website_page,18,website
website_page_properties,8,website
website_page_properties_base,8,website
website_rewrite,13,website
website_robots,6,website
website_route,6,website
website_sale_extra_field,8,website
website_snippet_filter,14,website
website_track,6,website
website_visitor,14,website
wip_move_production_rel,2,wip
withholding_tax_cert,21,withholding
withholding_tax_cert_line,14,withholding
withholding_tax_report,10,withholding
withholding_tax_report_wizard,8,withholding
wizard_ir_model_menu_create,7,wizard
wizard_purchase_request_line_change_data,13,wizard
worksheet_template,13,worksheet
worksheet_template_load_wizard,6,worksheet
x_7_11_tag,8,x
x_master_operation,10,x
x_project_task_worksheet_template_1,8,x
x_res_partner_line_72662,8,x
x_res_partner_x_7_11_tag_rel,2,x
