evidence,module,path,row_count,type
01 ACCOUNT.zip,account_intrastat,01 ACCOUNT/account_intrastat/security/ir.model.access.csv,2,access_csv
01 ACCOUNT.zip,account_online_synchronization,01 ACCOUNT/account_online_synchronization/security/ir.model.access.csv,11,access_csv
01 ACCOUNT.zip,account_update_tax_tags,01 ACCOUNT/account_update_tax_tags/security/ir.model.access.csv,1,access_csv
01 ACCOUNT.zip,account_avatax,01 ACCOUNT/account_avatax/security/ir.model.access.csv,5,access_csv
01 ACCOUNT.zip,account_check_printing,01 ACCOUNT/account_check_printing/security/ir.model.access.csv,1,access_csv
01 ACCOUNT.zip,account_winbooks_import,01 ACCOUNT/account_winbooks_import/security/ir.model.access.csv,1,access_csv
01 ACCOUNT.zip,account_test,01 ACCOUNT/account_test/security/ir.model.access.csv,2,access_csv
01 ACCOUNT.zip,account_peppol,01 ACCOUNT/account_peppol/security/ir.model.access.csv,3,access_csv
01 ACCOUNT.zip,account_sepa_direct_debit,01 ACCOUNT/account_sepa_direct_debit/security/ir.model.access.csv,4,access_csv
01 ACCOUNT.zip,account_reports,01 ACCOUNT/account_reports/security/ir.model.access.csv,37,access_csv
01 ACCOUNT.zip,account_saft_import,01 ACCOUNT/account_saft_import/security/ir.model.access.csv,1,access_csv
01 ACCOUNT.zip,account_fiscal_categories,01 ACCOUNT/account_fiscal_categories/security/ir.model.access.csv,4,access_csv
01 ACCOUNT.zip,accountant_knowledge,01 ACCOUNT/accountant_knowledge/security/ir.model.access.csv,1,access_csv
01 ACCOUNT.zip,account_transfer,01 ACCOUNT/account_transfer/security/ir.model.access.csv,6,access_csv
01 ACCOUNT.zip,account_fiscal_categories_fleet,01 ACCOUNT/account_fiscal_categories_fleet/security/ir.model.access.csv,3,access_csv
01 ACCOUNT.zip,account_base_import,01 ACCOUNT/account_base_import/security/ir.model.access.csv,1,access_csv
01 ACCOUNT.zip,account_edi_proxy_client,01 ACCOUNT/account_edi_proxy_client/security/ir.model.access.csv,2,access_csv
01 ACCOUNT.zip,account,01 ACCOUNT/account/security/ir.model.access.csv,145,access_csv
01 ACCOUNT.zip,account_loans,01 ACCOUNT/account_loans/security/ir.model.access.csv,6,access_csv
01 ACCOUNT.zip,account_followup,01 ACCOUNT/account_followup/security/ir.model.access.csv,7,access_csv
01 ACCOUNT.zip,account_payment,01 ACCOUNT/account_payment/security/ir.model.access.csv,3,access_csv
01 ACCOUNT.zip,account_accountant,01 ACCOUNT/account_accountant/security/ir.model.access.csv,8,access_csv
01 ACCOUNT.zip,account_asset,01 ACCOUNT/account_asset/security/ir.model.access.csv,6,access_csv
01 ACCOUNT.zip,account_peppol_response,01 ACCOUNT/account_peppol_response/security/ir.model.access.csv,3,access_csv
01 ACCOUNT.zip,account_batch_payment,01 ACCOUNT/account_batch_payment/security/ir.model.access.csv,5,access_csv
01 ACCOUNT.zip,account_edi,01 ACCOUNT/account_edi/security/ir.model.access.csv,4,access_csv
01 ACCOUNT.zip,account_budget,01 ACCOUNT/account_budget/security/ir.model.access.csv,7,access_csv
01 ACCOUNT.zip,account_debit_note,01 ACCOUNT/account_debit_note/security/ir.model.access.csv,1,access_csv
02 OTHER.zip,test_action_bindings,02 OTHER/test_action_bindings/ir.model.access.csv,2,access_csv
02 OTHER.zip,test_uninstall,02 OTHER/test_uninstall/ir.model.access.csv,1,access_csv
02 OTHER.zip,test_access_rights,02 OTHER/test_access_rights/ir.model.access.csv,11,access_csv
02 OTHER.zip,test_http,02 OTHER/test_http/ir.model.access.csv,5,access_csv
02 OTHER.zip,test_search_panel,02 OTHER/test_search_panel/ir.model.access.csv,4,access_csv
02 OTHER.zip,test_inherit,02 OTHER/test_inherit/ir.model.access.csv,4,access_csv
02 OTHER.zip,test_converter,02 OTHER/test_converter/ir.model.access.csv,3,access_csv
02 OTHER.zip,test_convert,02 OTHER/test_convert/ir.model.access.csv,2,access_csv
02 OTHER.zip,test_rpc,02 OTHER/test_rpc/ir.model.access.csv,2,access_csv
02 OTHER.zip,test_inherits,02 OTHER/test_inherits/ir.model.access.csv,9,access_csv
02 OTHER.zip,test_read_group,02 OTHER/test_read_group/ir.model.access.csv,17,access_csv
02 OTHER.zip,l10n_ar_reports,02 OTHER/l10n_ar_reports/security/ir.model.access.csv,1,access_csv
02 OTHER.zip,pos_platform_order_gofood,02 OTHER/pos_platform_order_gofood/security/ir.model.access.csv,1,access_csv
02 OTHER.zip,website_sale_loyalty,02 OTHER/website_sale_loyalty/security/ir.model.access.csv,1,access_csv
02 OTHER.zip,l10n_ar_reports_simple,02 OTHER/l10n_ar_reports_simple/security/ir.model.access.csv,2,access_csv
02 OTHER.zip,l10n_in_hr_holidays,02 OTHER/l10n_in_hr_holidays/security/ir.model.access.csv,2,access_csv
02 OTHER.zip,sale_planning,02 OTHER/sale_planning/security/ir.model.access.csv,2,access_csv
02 OTHER.zip,helpdesk_timesheet,02 OTHER/helpdesk_timesheet/security/ir.model.access.csv,5,access_csv
02 OTHER.zip,l10n_au_hr_payroll_account,02 OTHER/l10n_au_hr_payroll_account/security/ir.model.access.csv,13,access_csv
02 OTHER.zip,industry_fsm,02 OTHER/industry_fsm/security/ir.model.access.csv,4,access_csv
02 OTHER.zip,test_data_cleaning,02 OTHER/test_data_cleaning/security/ir.model.access.csv,1,access_csv
02 OTHER.zip,website_event_track,02 OTHER/website_event_track/security/ir.model.access.csv,19,access_csv
02 OTHER.zip,l10n_gr_edi,02 OTHER/l10n_gr_edi/security/ir.model.access.csv,3,access_csv
02 OTHER.zip,website_slides_forum,02 OTHER/website_slides_forum/security/ir.model.access.csv,1,access_csv
02 OTHER.zip,l10n_in_edi,02 OTHER/l10n_in_edi/security/ir.model.access.csv,1,access_csv
02 OTHER.zip,l10n_ee_intrastat,02 OTHER/l10n_ee_intrastat/security/ir.model.access.csv,1,access_csv
02 OTHER.zip,website_event_exhibitor,02 OTHER/website_event_exhibitor/security/ir.model.access.csv,5,access_csv
02 OTHER.zip,sale,02 OTHER/sale/security/ir.model.access.csv,47,access_csv
02 OTHER.zip,l10n_it_reports,02 OTHER/l10n_it_reports/security/ir.model.access.csv,1,access_csv
02 OTHER.zip,stock_picking_batch,02 OTHER/stock_picking_batch/security/ir.model.access.csv,3,access_csv
02 OTHER.zip,im_livechat,02 OTHER/im_livechat/security/ir.model.access.csv,15,access_csv
02 OTHER.zip,project_enterprise,02 OTHER/project_enterprise/security/ir.model.access.csv,0,access_csv
02 OTHER.zip,l10n_sa_edi,02 OTHER/l10n_sa_edi/security/ir.model.access.csv,1,access_csv
02 OTHER.zip,hr_recruitment_skills,02 OTHER/hr_recruitment_skills/security/ir.model.access.csv,2,access_csv
02 OTHER.zip,website_event_booth,02 OTHER/website_event_booth/security/ir.model.access.csv,4,access_csv
02 OTHER.zip,pos_enterprise,02 OTHER/pos_enterprise/security/ir.model.access.csv,9,access_csv
02 OTHER.zip,hr_recruitment_sign,02 OTHER/hr_recruitment_sign/security/ir.model.access.csv,7,access_csv
02 OTHER.zip,l10n_br,02 OTHER/l10n_br/security/ir.model.access.csv,2,access_csv
02 OTHER.zip,website_appointment,02 OTHER/website_appointment/security/ir.model.access.csv,2,access_csv
02 OTHER.zip,website_sale_renting,02 OTHER/website_sale_renting/security/ir.model.access.csv,3,access_csv
02 OTHER.zip,hr_work_entry,02 OTHER/hr_work_entry/security/ir.model.access.csv,6,access_csv
02 OTHER.zip,google_calendar,02 OTHER/google_calendar/security/ir.model.access.csv,1,access_csv
02 OTHER.zip,l10n_au_hr_payroll_api,02 OTHER/l10n_au_hr_payroll_api/security/ir.model.access.csv,4,access_csv
02 OTHER.zip,event_booth,02 OTHER/event_booth/security/ir.model.access.csv,9,access_csv
02 OTHER.zip,stock_delivery,02 OTHER/stock_delivery/security/ir.model.access.csv,7,access_csv
02 OTHER.zip,l10n_uk_reports_cis,02 OTHER/l10n_uk_reports_cis/security/ir.model.access.csv,1,access_csv
02 OTHER.zip,l10n_se_sie4_import,02 OTHER/l10n_se_sie4_import/security/ir.model.access.csv,1,access_csv
02 OTHER.zip,link_tracker,02 OTHER/link_tracker/security/ir.model.access.csv,9,access_csv
02 OTHER.zip,l10n_be_codabox,02 OTHER/l10n_be_codabox/security/ir.model.access.csv,4,access_csv
02 OTHER.zip,appointment,02 OTHER/appointment/security/ir.model.access.csv,29,access_csv
02 OTHER.zip,l10n_be_hr_payroll_prisma,02 OTHER/l10n_be_hr_payroll_prisma/security/ir.model.access.csv,2,access_csv
02 OTHER.zip,hr_recruitment_survey,02 OTHER/hr_recruitment_survey/security/ir.model.access.csv,15,access_csv
02 OTHER.zip,website_customer,02 OTHER/website_customer/security/ir.model.access.csv,6,access_csv
02 OTHER.zip,esg_hr_fleet,02 OTHER/esg_hr_fleet/security/ir.model.access.csv,2,access_csv
02 OTHER.zip,l10n_se_returns,02 OTHER/l10n_se_returns/security/ir.model.access.csv,2,access_csv
02 OTHER.zip,test_mail_sms,02 OTHER/test_mail_sms/security/ir.model.access.csv,13,access_csv
02 OTHER.zip,appointment_google_reserve,02 OTHER/appointment_google_reserve/security/ir.model.access.csv,2,access_csv
02 OTHER.zip,hr_holidays_attendance,02 OTHER/hr_holidays_attendance/security/ir.model.access.csv,1,access_csv
02 OTHER.zip,databases,02 OTHER/databases/security/ir.model.access.csv,4,access_csv
02 OTHER.zip,sale_timesheet_enterprise,02 OTHER/sale_timesheet_enterprise/security/ir.model.access.csv,3,access_csv
02 OTHER.zip,test_marketing_automation,02 OTHER/test_marketing_automation/security/ir.model.access.csv,4,access_csv
02 OTHER.zip,test_main_flows,02 OTHER/test_main_flows/models/ir.model.access.csv,1,access_csv
02 OTHER.zip,l10n_ar,02 OTHER/l10n_ar/security/ir.model.access.csv,3,access_csv
02 OTHER.zip,website_knowledge,02 OTHER/website_knowledge/security/ir.model.access.csv,1,access_csv
02 OTHER.zip,base_install_request,02 OTHER/base_install_request/security/ir.model.access.csv,6,access_csv
02 OTHER.zip,industry_fsm_stock,02 OTHER/industry_fsm_stock/security/ir.model.access.csv,6,access_csv
02 OTHER.zip,hr_expense_stripe,02 OTHER/hr_expense_stripe/security/ir.model.access.csv,10,access_csv
02 OTHER.zip,l10n_be_hr_payroll_acerta,02 OTHER/l10n_be_hr_payroll_acerta/security/ir.model.access.csv,2,access_csv
02 OTHER.zip,portal,02 OTHER/portal/security/ir.model.access.csv,3,access_csv
02 OTHER.zip,room,02 OTHER/room/security/ir.model.access.csv,5,access_csv
02 OTHER.zip,l10n_in_hr_payroll,02 OTHER/l10n_in_hr_payroll/security/ir.model.access.csv,8,access_csv
02 OTHER.zip,social_crm,02 OTHER/social_crm/security/ir.model.access.csv,1,access_csv
02 OTHER.zip,rating,02 OTHER/rating/security/ir.model.access.csv,4,access_csv
02 OTHER.zip,mail_plugin,02 OTHER/mail_plugin/security/ir.model.access.csv,1,access_csv
02 OTHER.zip,calendar,02 OTHER/calendar/security/ir.model.access.csv,15,access_csv
02 OTHER.zip,l10n_gt_edi,02 OTHER/l10n_gt_edi/security/ir.model.access.csv,3,access_csv
02 OTHER.zip,pos_self_order,02 OTHER/pos_self_order/security/ir.model.access.csv,2,access_csv
02 OTHER.zip,purchase_requisition_stock,02 OTHER/purchase_requisition_stock/security/ir.model.access.csv,3,access_csv
02 OTHER.zip,pos_urban_piper,02 OTHER/pos_urban_piper/security/ir.model.access.csv,7,access_csv
02 OTHER.zip,l10n_ph,02 OTHER/l10n_ph/security/ir.model.access.csv,1,access_csv
02 OTHER.zip,l10n_lt_intrastat,02 OTHER/l10n_lt_intrastat/security/ir.model.access.csv,1,access_csv
02 OTHER.zip,l10n_ke_hr_payroll,02 OTHER/l10n_ke_hr_payroll/security/ir.model.access.csv,5,access_csv
02 OTHER.zip,l10n_latam_base,02 OTHER/l10n_latam_base/security/ir.model.access.csv,4,access_csv
02 OTHER.zip,project_helpdesk,02 OTHER/project_helpdesk/security/ir.model.access.csv,2,access_csv
02 OTHER.zip,l10n_my_edi_pos,02 OTHER/l10n_my_edi_pos/security/ir.model.access.csv,1,access_csv
02 OTHER.zip,stock_enterprise,02 OTHER/stock_enterprise/security/ir.model.access.csv,1,access_csv
02 OTHER.zip,pos_restaurant,02 OTHER/pos_restaurant/security/ir.model.access.csv,5,access_csv
02 OTHER.zip,l10n_fr_pos_cert,02 OTHER/l10n_fr_pos_cert/security/ir.model.access.csv,1,access_csv
02 OTHER.zip,l10n_lu_hr_payroll,02 OTHER/l10n_lu_hr_payroll/security/ir.model.access.csv,2,access_csv
02 OTHER.zip,l10n_ch_hr_payroll_elm_transmission_5_3,02 OTHER/l10n_ch_hr_payroll_elm_transmission_5_3/security/ir.model.access.csv,2,access_csv
02 OTHER.zip,planning_attendance,02 OTHER/planning_attendance/security/ir.model.access.csv,1,access_csv
02 OTHER.zip,certificate,02 OTHER/certificate/security/ir.model.access.csv,2,access_csv
02 OTHER.zip,website_sale_comparison,02 OTHER/website_sale_comparison/security/ir.model.access.csv,4,access_csv
02 OTHER.zip,base_address_extended,02 OTHER/base_address_extended/security/ir.model.access.csv,2,access_csv
02 OTHER.zip,website_hr_recruitment,02 OTHER/website_hr_recruitment/security/ir.model.access.csv,4,access_csv
02 OTHER.zip,project_sms,02 OTHER/project_sms/security/ir.model.access.csv,1,access_csv
02 OTHER.zip,test_mass_mailing,02 OTHER/test_mass_mailing/security/ir.model.access.csv,20,access_csv
02 OTHER.zip,hr_attendance,02 OTHER/hr_attendance/security/ir.model.access.csv,11,access_csv
02 OTHER.zip,pos_safaricom,02 OTHER/pos_safaricom/security/ir.model.access.csv,1,access_csv
02 OTHER.zip,l10n_se_sie_import,02 OTHER/l10n_se_sie_import/security/ir.model.access.csv,1,access_csv
02 OTHER.zip,website_generator,02 OTHER/website_generator/security/ir.model.access.csv,1,access_csv
02 OTHER.zip,quality,02 OTHER/quality/security/ir.model.access.csv,20,access_csv
02 OTHER.zip,l10n_us_1099,02 OTHER/l10n_us_1099/security/ir.model.access.csv,2,access_csv
02 OTHER.zip,esg_csrd,02 OTHER/esg_csrd/security/ir.model.access.csv,7,access_csv
02 OTHER.zip,board,02 OTHER/board/security/ir.model.access.csv,1,access_csv
02 OTHER.zip,l10n_be_hr_payroll,02 OTHER/l10n_be_hr_payroll/security/ir.model.access.csv,32,access_csv
02 OTHER.zip,l10n_de_pos_cert,02 OTHER/l10n_de_pos_cert/security/ir.model.access.csv,1,access_csv
02 OTHER.zip,social_youtube,02 OTHER/social_youtube/security/ir.model.access.csv,1,access_csv
02 OTHER.zip,l10n_dk_reports,02 OTHER/l10n_dk_reports/security/ir.model.access.csv,5,access_csv
02 OTHER.zip,delivery_easypost,02 OTHER/delivery_easypost/security/ir.model.access.csv,6,access_csv
02 OTHER.zip,l10n_uk_bacs,02 OTHER/l10n_uk_bacs/security/ir.model.access.csv,2,access_csv
02 OTHER.zip,sms,02 OTHER/sms/security/ir.model.access.csv,13,access_csv
02 OTHER.zip,mrp_workorder,02 OTHER/mrp_workorder/security/ir.model.access.csv,2,access_csv
02 OTHER.zip,quality_control_worksheet,02 OTHER/quality_control_worksheet/security/ir.model.access.csv,2,access_csv
02 OTHER.zip,test_web_cohort,02 OTHER/test_web_cohort/security/ir.model.access.csv,2,access_csv
02 OTHER.zip,l10n_latam_invoice_document,02 OTHER/l10n_latam_invoice_document/security/ir.model.access.csv,2,access_csv
02 OTHER.zip,hr_timesheet_attendance,02 OTHER/hr_timesheet_attendance/security/ir.model.access.csv,1,access_csv
02 OTHER.zip,l10n_fr_fec_import,02 OTHER/l10n_fr_fec_import/security/ir.model.access.csv,1,access_csv
02 OTHER.zip,l10n_ph_reports,02 OTHER/l10n_ph_reports/security/ir.model.access.csv,1,access_csv
02 OTHER.zip,mrp_subcontracting,02 OTHER/mrp_subcontracting/security/ir.model.access.csv,18,access_csv
02 OTHER.zip,gamification,02 OTHER/gamification/security/ir.model.access.csv,36,access_csv
02 OTHER.zip,pos_pricer,02 OTHER/pos_pricer/security/ir.model.access.csv,2,access_csv
02 OTHER.zip,pos_iot_six,02 OTHER/pos_iot_six/security/ir.model.access.csv,1,access_csv
02 OTHER.zip,mail,02 OTHER/mail/security/ir.model.access.csv,69,access_csv
02 OTHER.zip,sale_stock,02 OTHER/sale_stock/security/ir.model.access.csv,16,access_csv
02 OTHER.zip,base_geolocalize,02 OTHER/base_geolocalize/security/ir.model.access.csv,1,access_csv
02 OTHER.zip,l10n_sg_reports,02 OTHER/l10n_sg_reports/security/ir.model.access.csv,1,access_csv
02 OTHER.zip,l10n_fr_account,02 OTHER/l10n_fr_account/security/ir.model.access.csv,1,access_csv
02 OTHER.zip,hr_expense_stripe_demo,02 OTHER/hr_expense_stripe_demo/security/ir.model.access.csv,2,access_csv
02 OTHER.zip,web,02 OTHER/web/security/ir.model.access.csv,2,access_csv
02 OTHER.zip,data_recycle,02 OTHER/data_recycle/security/ir.model.access.csv,2,access_csv
02 OTHER.zip,l10n_co_edi,02 OTHER/l10n_co_edi/security/ir.model.access.csv,4,access_csv
02 OTHER.zip,hr_recruitment,02 OTHER/hr_recruitment/security/ir.model.access.csv,31,access_csv
02 OTHER.zip,test_testing_utilities,02 OTHER/test_testing_utilities/security/ir.model.access.csv,32,access_csv
02 OTHER.zip,payment,02 OTHER/payment/security/ir.model.access.csv,12,access_csv
02 OTHER.zip,esg_hr,02 OTHER/esg_hr/security/ir.model.access.csv,1,access_csv
02 OTHER.zip,l10n_mx_edi_stock,02 OTHER/l10n_mx_edi_stock/security/ir.model.access.csv,6,access_csv
02 OTHER.zip,l10n_pe_reports_lib,02 OTHER/l10n_pe_reports_lib/security/ir.model.access.csv,4,access_csv
02 OTHER.zip,l10n_es_real_estates,02 OTHER/l10n_es_real_estates/security/ir.model.access.csv,3,access_csv
02 OTHER.zip,hr_payroll,02 OTHER/hr_payroll/security/ir.model.access.csv,35,access_csv
02 OTHER.zip,website_slides,02 OTHER/website_slides/security/ir.model.access.csv,41,access_csv
02 OTHER.zip,l10n_pe_edi_stock,02 OTHER/l10n_pe_edi_stock/security/ir.model.access.csv,2,access_csv
02 OTHER.zip,ai_documents,02 OTHER/ai_documents/security/ir.model.access.csv,1,access_csv
02 OTHER.zip,auth_passkey,02 OTHER/auth_passkey/security/ir.model.access.csv,5,access_csv
02 OTHER.zip,digest,02 OTHER/digest/security/ir.model.access.csv,4,access_csv
02 OTHER.zip,l10n_uk_hmrc,02 OTHER/l10n_uk_hmrc/security/ir.model.access.csv,2,access_csv
02 OTHER.zip,l10n_in_ewaybill_stock,02 OTHER/l10n_in_ewaybill_stock/security/ir.model.access.csv,2,access_csv
02 OTHER.zip,worksheet,02 OTHER/worksheet/security/ir.model.access.csv,1,access_csv
02 OTHER.zip,project_mrp,02 OTHER/project_mrp/security/ir.model.access.csv,2,access_csv
02 OTHER.zip,l10n_ar_edi,02 OTHER/l10n_ar_edi/security/ir.model.access.csv,3,access_csv
02 OTHER.zip,l10n_tw_edi_ecpay,02 OTHER/l10n_tw_edi_ecpay/security/ir.model.access.csv,6,access_csv
02 OTHER.zip,website_slides_survey,02 OTHER/website_slides_survey/security/ir.model.access.csv,5,access_csv
02 OTHER.zip,l10n_be_hr_payroll_fleet,02 OTHER/l10n_be_hr_payroll_fleet/security/ir.model.access.csv,2,access_csv
02 OTHER.zip,base_automation,02 OTHER/base_automation/security/ir.model.access.csv,1,access_csv
02 OTHER.zip,project_todo,02 OTHER/project_todo/security/ir.model.access.csv,4,access_csv
02 OTHER.zip,l10n_cl_edi,02 OTHER/l10n_cl_edi/security/ir.model.access.csv,7,access_csv
02 OTHER.zip,website,02 OTHER/website/security/ir.model.access.csv,44,access_csv
02 OTHER.zip,mrp,02 OTHER/mrp/security/ir.model.access.csv,54,access_csv
02 OTHER.zip,timer,02 OTHER/timer/security/ir.model.access.csv,1,access_csv
02 OTHER.zip,l10n_cl_edi_factoring,02 OTHER/l10n_cl_edi_factoring/security/ir.model.access.csv,1,access_csv
02 OTHER.zip,crm,02 OTHER/crm/security/ir.model.access.csv,32,access_csv
02 OTHER.zip,pos_iot,02 OTHER/pos_iot/security/ir.model.access.csv,1,access_csv
02 OTHER.zip,social_twitter,02 OTHER/social_twitter/security/ir.model.access.csv,2,access_csv
02 OTHER.zip,test_mail_enterprise,02 OTHER/test_mail_enterprise/security/ir.model.access.csv,2,access_csv
02 OTHER.zip,l10n_ke_edi_oscu_stock,02 OTHER/l10n_ke_edi_oscu_stock/security/ir.model.access.csv,2,access_csv
02 OTHER.zip,helpdesk_sale_timesheet,02 OTHER/helpdesk_sale_timesheet/security/ir.model.access.csv,1,access_csv
02 OTHER.zip,test_resource,02 OTHER/test_resource/security/ir.model.access.csv,1,access_csv
02 OTHER.zip,test_translation_import,02 OTHER/test_translation_import/security/ir.model.access.csv,2,access_csv
02 OTHER.zip,l10n_ar_withholding,02 OTHER/l10n_ar_withholding/security/ir.model.access.csv,8,access_csv
02 OTHER.zip,mrp_account_enterprise,02 OTHER/mrp_account_enterprise/security/ir.model.access.csv,1,access_csv
02 OTHER.zip,l10n_hk_hr_payroll_empf,02 OTHER/l10n_hk_hr_payroll_empf/security/ir.model.access.csv,10,access_csv
02 OTHER.zip,sale_renting,02 OTHER/sale_renting/security/ir.model.access.csv,11,access_csv
02 OTHER.zip,delivery_envia,02 OTHER/delivery_envia/security/ir.model.access.csv,2,access_csv
02 OTHER.zip,l10n_fr_reports,02 OTHER/l10n_fr_reports/security/ir.model.access.csv,6,access_csv
02 OTHER.zip,planning,02 OTHER/planning/security/ir.model.access.csv,17,access_csv
02 OTHER.zip,lunch,02 OTHER/lunch/security/ir.model.access.csv,17,access_csv
02 OTHER.zip,sms_twilio,02 OTHER/sms_twilio/security/ir.model.access.csv,2,access_csv
02 OTHER.zip,sale_renting_crm,02 OTHER/sale_renting_crm/security/ir.model.access.csv,1,access_csv
02 OTHER.zip,base_import_module,02 OTHER/base_import_module/security/ir.model.access.csv,1,access_csv
02 OTHER.zip,mrp_workorder_iot,02 OTHER/mrp_workorder_iot/security/ir.model.access.csv,2,access_csv
02 OTHER.zip,l10n_fr_intrastat,02 OTHER/l10n_fr_intrastat/security/ir.model.access.csv,2,access_csv
02 OTHER.zip,bus,02 OTHER/bus/security/ir.model.access.csv,1,access_csv
02 OTHER.zip,sale_amazon,02 OTHER/sale_amazon/security/ir.model.access.csv,4,access_csv
02 OTHER.zip,l10n_us_hr_payroll_adp,02 OTHER/l10n_us_hr_payroll_adp/security/ir.model.access.csv,1,access_csv
02 OTHER.zip,auth_oauth,02 OTHER/auth_oauth/security/ir.model.access.csv,1,access_csv
02 OTHER.zip,website_profile,02 OTHER/website_profile/security/ir.model.access.csv,1,access_csv
02 OTHER.zip,test_website,02 OTHER/test_website/security/ir.model.access.csv,19,access_csv
02 OTHER.zip,sale_loyalty,02 OTHER/sale_loyalty/security/ir.model.access.csv,17,access_csv
02 OTHER.zip,auth_ldap,02 OTHER/auth_ldap/security/ir.model.access.csv,1,access_csv
02 OTHER.zip,hr_recruitment_reports,02 OTHER/hr_recruitment_reports/security/ir.model.access.csv,2,access_csv
02 OTHER.zip,privacy_lookup,02 OTHER/privacy_lookup/security/ir.model.access.csv,3,access_csv
02 OTHER.zip,base_import,02 OTHER/base_import/security/ir.model.access.csv,2,access_csv
02 OTHER.zip,website_livechat,02 OTHER/website_livechat/security/ir.model.access.csv,2,access_csv
02 OTHER.zip,loyalty,02 OTHER/loyalty/security/ir.model.access.csv,8,access_csv
02 OTHER.zip,l10n_se_bban,02 OTHER/l10n_se_bban/security/ir.model.access.csv,2,access_csv
02 OTHER.zip,hr_presence,02 OTHER/hr_presence/security/ir.model.access.csv,1,access_csv
02 OTHER.zip,test_spreadsheet,02 OTHER/test_spreadsheet/security/ir.model.access.csv,2,access_csv
02 OTHER.zip,l10n_id,02 OTHER/l10n_id/security/ir.model.access.csv,1,access_csv
02 OTHER.zip,mrp_account,02 OTHER/mrp_account/security/ir.model.access.csv,6,access_csv
02 OTHER.zip,l10n_ro_cpv_code,02 OTHER/l10n_ro_cpv_code/security/ir.model.access.csv,1,access_csv
02 OTHER.zip,test_timer,02 OTHER/test_timer/security/ir.model.access.csv,2,access_csv
02 OTHER.zip,l10n_be_hr_payroll_dimona_auto,02 OTHER/l10n_be_hr_payroll_dimona_auto/security/ir.model.access.csv,3,access_csv
02 OTHER.zip,product,02 OTHER/product/security/ir.model.access.csv,38,access_csv
02 OTHER.zip,hr_timesheet,02 OTHER/hr_timesheet/security/ir.model.access.csv,7,access_csv
02 OTHER.zip,l10n_be_intrastat,02 OTHER/l10n_be_intrastat/security/ir.model.access.csv,1,access_csv
02 OTHER.zip,hr_homeworking_calendar,02 OTHER/hr_homeworking_calendar/security/ir.model.access.csv,1,access_csv
02 OTHER.zip,l10n_mx_hr_payroll_account_edi,02 OTHER/l10n_mx_hr_payroll_account_edi/security/ir.model.access.csv,2,access_csv
02 OTHER.zip,pos_mrp,02 OTHER/pos_mrp/security/ir.model.access.csv,2,access_csv
02 OTHER.zip,pos_event,02 OTHER/pos_event/security/ir.model.access.csv,3,access_csv
02 OTHER.zip,test_whatsapp,02 OTHER/test_whatsapp/security/ir.model.access.csv,11,access_csv
02 OTHER.zip,l10n_in_ewaybill,02 OTHER/l10n_in_ewaybill/security/ir.model.access.csv,4,access_csv
02 OTHER.zip,hr_sign,02 OTHER/hr_sign/security/ir.model.access.csv,1,access_csv
02 OTHER.zip,transifex,02 OTHER/transifex/security/ir.model.access.csv,1,access_csv
02 OTHER.zip,delivery_sendcloud,02 OTHER/delivery_sendcloud/security/ir.model.access.csv,4,access_csv
02 OTHER.zip,delivery_starshipit,02 OTHER/delivery_starshipit/security/ir.model.access.csv,2,access_csv
02 OTHER.zip,l10n_dk_intrastat,02 OTHER/l10n_dk_intrastat/security/ir.model.access.csv,1,access_csv
02 OTHER.zip,iot,02 OTHER/iot/security/ir.model.access.csv,8,access_csv
02 OTHER.zip,frontdesk,02 OTHER/frontdesk/security/ir.model.access.csv,7,access_csv
02 OTHER.zip,l10n_mx_hr_payroll,02 OTHER/l10n_mx_hr_payroll/security/ir.model.access.csv,4,access_csv
02 OTHER.zip,crm_helpdesk,02 OTHER/crm_helpdesk/security/ir.model.access.csv,3,access_csv
02 OTHER.zip,l10n_ke,02 OTHER/l10n_ke/security/ir.model.access.csv,2,access_csv
02 OTHER.zip,quality_control,02 OTHER/quality_control/security/ir.model.access.csv,5,access_csv
02 OTHER.zip,hr_contract_salary,02 OTHER/hr_contract_salary/security/ir.model.access.csv,43,access_csv
02 OTHER.zip,mass_mailing,02 OTHER/mass_mailing/security/ir.model.access.csv,25,access_csv
02 OTHER.zip,l10n_vn_edi_viettel,02 OTHER/l10n_vn_edi_viettel/security/ir.model.access.csv,5,access_csv
02 OTHER.zip,l10n_it_edi_doi,02 OTHER/l10n_it_edi_doi/security/ir.model.access.csv,2,access_csv
02 OTHER.zip,hr_gamification,02 OTHER/hr_gamification/security/ir.model.access.csv,5,access_csv
02 OTHER.zip,marketing_automation_sms,02 OTHER/marketing_automation_sms/security/ir.model.access.csv,1,access_csv
02 OTHER.zip,product_unspsc,02 OTHER/product_unspsc/security/ir.model.access.csv,1,access_csv
02 OTHER.zip,test_web_gantt,02 OTHER/test_web_gantt/security/ir.model.access.csv,2,access_csv
02 OTHER.zip,l10n_dk_nemhandel_response,02 OTHER/l10n_dk_nemhandel_response/security/ir.model.access.csv,2,access_csv
02 OTHER.zip,mrp_plm,02 OTHER/mrp_plm/security/ir.model.access.csv,13,access_csv
02 OTHER.zip,web_studio,02 OTHER/web_studio/security/ir.model.access.csv,10,access_csv
02 OTHER.zip,project,02 OTHER/project/security/ir.model.access.csv,55,access_csv
02 OTHER.zip,l10n_pl_reports,02 OTHER/l10n_pl_reports/security/ir.model.access.csv,1,access_csv
02 OTHER.zip,project_timesheet_holidays,02 OTHER/project_timesheet_holidays/security/ir.model.access.csv,1,access_csv
02 OTHER.zip,test_base_automation,02 OTHER/test_base_automation/security/ir.model.access.csv,11,access_csv
02 OTHER.zip,html_editor,02 OTHER/html_editor/security/ir.model.access.csv,2,access_csv
02 OTHER.zip,l10n_be_hr_payroll_sd_worx,02 OTHER/l10n_be_hr_payroll_sd_worx/security/ir.model.access.csv,2,access_csv
02 OTHER.zip,l10n_account_withholding_tax,02 OTHER/l10n_account_withholding_tax/security/ir.model.access.csv,2,access_csv
02 OTHER.zip,social,02 OTHER/social/security/ir.model.access.csv,21,access_csv
02 OTHER.zip,l10n_br_avatax,02 OTHER/l10n_br_avatax/security/ir.model.access.csv,8,access_csv
02 OTHER.zip,mail_group,02 OTHER/mail_group/security/ir.model.access.csv,9,access_csv
02 OTHER.zip,iap,02 OTHER/iap/security/ir.model.access.csv,4,access_csv
02 OTHER.zip,social_demo,02 OTHER/social_demo/security/ir.model.access.csv,1,access_csv
02 OTHER.zip,marketing_automation,02 OTHER/marketing_automation/security/ir.model.access.csv,6,access_csv
02 OTHER.zip,phone_validation,02 OTHER/phone_validation/security/ir.model.access.csv,3,access_csv
02 OTHER.zip,industry_fsm_report,02 OTHER/industry_fsm_report/security/ir.model.access.csv,3,access_csv
02 OTHER.zip,l10n_hr_intrastat,02 OTHER/l10n_hr_intrastat/security/ir.model.access.csv,1,access_csv
02 OTHER.zip,l10n_be_intervat,02 OTHER/l10n_be_intervat/security/ir.model.access.csv,2,access_csv
02 OTHER.zip,l10n_co_reports,02 OTHER/l10n_co_reports/security/ir.model.access.csv,1,access_csv
02 OTHER.zip,hr_expense,02 OTHER/hr_expense/security/ir.model.access.csv,14,access_csv
02 OTHER.zip,l10n_mx_xml_polizas,02 OTHER/l10n_mx_xml_polizas/security/ir.model.access.csv,1,access_csv
02 OTHER.zip,sale_subscription,02 OTHER/sale_subscription/security/ir.model.access.csv,19,access_csv
02 OTHER.zip,l10n_ch_hr_payroll,02 OTHER/l10n_ch_hr_payroll/security/ir.model.access.csv,54,access_csv
02 OTHER.zip,sale_commission,02 OTHER/sale_commission/security/ir.model.access.csv,13,access_csv
02 OTHER.zip,hr_recruitment_integration_base,02 OTHER/hr_recruitment_integration_base/security/ir.model.access.csv,3,access_csv
02 OTHER.zip,marketing_card,02 OTHER/marketing_card/security/ir.model.access.csv,9,access_csv
02 OTHER.zip,l10n_mx_edi,02 OTHER/l10n_mx_edi/security/ir.model.access.csv,8,access_csv
02 OTHER.zip,l10n_my_edi,02 OTHER/l10n_my_edi/security/ir.model.access.csv,7,access_csv
02 OTHER.zip,crm_sms,02 OTHER/crm_sms/security/ir.model.access.csv,1,access_csv
02 OTHER.zip,event_sale,02 OTHER/event_sale/security/ir.model.access.csv,4,access_csv
02 OTHER.zip,sale_project,02 OTHER/sale_project/security/ir.model.access.csv,4,access_csv
02 OTHER.zip,l10n_pe_reports,02 OTHER/l10n_pe_reports/security/ir.model.access.csv,1,access_csv
02 OTHER.zip,spreadsheet_dashboard_documents,02 OTHER/spreadsheet_dashboard_documents/security/ir.model.access.csv,1,access_csv
02 OTHER.zip,social_push_notifications,02 OTHER/social_push_notifications/security/ir.model.access.csv,3,access_csv
02 OTHER.zip,spreadsheet_edition,02 OTHER/spreadsheet_edition/security/ir.model.access.csv,3,access_csv
02 OTHER.zip,knowledge,02 OTHER/knowledge/security/ir.model.access.csv,29,access_csv
02 OTHER.zip,website_sale_wishlist,02 OTHER/website_sale_wishlist/security/ir.model.access.csv,4,access_csv
02 OTHER.zip,hr_expense_extract,02 OTHER/hr_expense_extract/security/ir.model.access.csv,1,access_csv
02 OTHER.zip,event_social,02 OTHER/event_social/security/ir.model.access.csv,3,access_csv
02 OTHER.zip,l10n_pl,02 OTHER/l10n_pl/security/ir.model.access.csv,1,access_csv
02 OTHER.zip,test_web_studio,02 OTHER/test_web_studio/security/ir.model.access.csv,6,access_csv
02 OTHER.zip,website_forum,02 OTHER/website_forum/security/ir.model.access.csv,15,access_csv
02 OTHER.zip,maintenance_worksheet,02 OTHER/maintenance_worksheet/security/ir.model.access.csv,2,access_csv
02 OTHER.zip,l10n_es_edi_verifactu_pos,02 OTHER/l10n_es_edi_verifactu_pos/security/ir.model.access.csv,1,access_csv
02 OTHER.zip,ai,02 OTHER/ai/security/ir.model.access.csv,12,access_csv
02 OTHER.zip,mrp_mps,02 OTHER/mrp_mps/security/ir.model.access.csv,6,access_csv
02 OTHER.zip,l10n_sk_reports,02 OTHER/l10n_sk_reports/security/ir.model.access.csv,1,access_csv
02 OTHER.zip,crm_iap_mine,02 OTHER/crm_iap_mine/security/ir.model.access.csv,5,access_csv
02 OTHER.zip,sale_sms,02 OTHER/sale_sms/security/ir.model.access.csv,1,access_csv
02 OTHER.zip,l10n_br_edi,02 OTHER/l10n_br_edi/security/ir.model.access.csv,2,access_csv
02 OTHER.zip,purchase_stock,02 OTHER/purchase_stock/security/ir.model.access.csv,14,access_csv
02 OTHER.zip,l10n_pe,02 OTHER/l10n_pe/security/ir.model.access.csv,4,access_csv
02 OTHER.zip,l10n_hr_reports,02 OTHER/l10n_hr_reports/security/ir.model.access.csv,1,access_csv
02 OTHER.zip,documents_account,02 OTHER/documents_account/security/ir.model.access.csv,2,access_csv
02 OTHER.zip,helpdesk_sale_loyalty,02 OTHER/helpdesk_sale_loyalty/security/ir.model.access.csv,5,access_csv
02 OTHER.zip,l10n_kh_reports,02 OTHER/l10n_kh_reports/security/ir.model.access.csv,1,access_csv
02 OTHER.zip,event_sms,02 OTHER/event_sms/security/ir.model.access.csv,1,access_csv
02 OTHER.zip,l10n_dk_nemhandel,02 OTHER/l10n_dk_nemhandel/security/ir.model.access.csv,1,access_csv
02 OTHER.zip,base_sparse_field,02 OTHER/base_sparse_field/security/ir.model.access.csv,1,access_csv
02 OTHER.zip,hr_holidays,02 OTHER/hr_holidays/security/ir.model.access.csv,27,access_csv
02 OTHER.zip,l10n_cz_intrastat,02 OTHER/l10n_cz_intrastat/security/ir.model.access.csv,1,access_csv
02 OTHER.zip,point_of_sale,02 OTHER/point_of_sale/security/ir.model.access.csv,54,access_csv
02 OTHER.zip,website_blog,02 OTHER/website_blog/security/ir.model.access.csv,16,access_csv
02 OTHER.zip,event_booth_sale,02 OTHER/event_booth_sale/security/ir.model.access.csv,4,access_csv
02 OTHER.zip,l10n_eg_edi_eta,02 OTHER/l10n_eg_edi_eta/security/ir.model.access.csv,3,access_csv
02 OTHER.zip,l10n_hk_hr_payroll,02 OTHER/l10n_hk_hr_payroll/security/ir.model.access.csv,10,access_csv
02 OTHER.zip,hr_appraisal_skills,02 OTHER/hr_appraisal_skills/security/ir.model.access.csv,4,access_csv
02 OTHER.zip,documents_sign,02 OTHER/documents_sign/security/ir.model.access.csv,1,access_csv
02 OTHER.zip,hr,02 OTHER/hr/security/ir.model.access.csv,26,access_csv
02 OTHER.zip,hr_appraisal_survey,02 OTHER/hr_appraisal_survey/security/ir.model.access.csv,13,access_csv
02 OTHER.zip,l10n_nl_reports,02 OTHER/l10n_nl_reports/security/ir.model.access.csv,5,access_csv
02 OTHER.zip,l10n_au_hr_payroll,02 OTHER/l10n_au_hr_payroll/security/ir.model.access.csv,4,access_csv
02 OTHER.zip,sale_pdf_quote_builder,02 OTHER/sale_pdf_quote_builder/security/ir.model.access.csv,4,access_csv
02 OTHER.zip,l10n_ee_reports,02 OTHER/l10n_ee_reports/security/ir.model.access.csv,3,access_csv
02 OTHER.zip,website_helpdesk_forum,02 OTHER/website_helpdesk_forum/security/ir.model.access.csv,1,access_csv
02 OTHER.zip,pos_platform_order,02 OTHER/pos_platform_order/security/ir.model.access.csv,6,access_csv
02 OTHER.zip,esg,02 OTHER/esg/security/ir.model.access.csv,11,access_csv
02 OTHER.zip,delivery_shiprocket,02 OTHER/delivery_shiprocket/security/ir.model.access.csv,8,access_csv
02 OTHER.zip,mass_mailing_sms,02 OTHER/mass_mailing_sms/security/ir.model.access.csv,3,access_csv
02 OTHER.zip,website_links,02 OTHER/website_links/security/ir.model.access.csv,3,access_csv
02 OTHER.zip,microsoft_calendar,02 OTHER/microsoft_calendar/security/ir.model.access.csv,1,access_csv
02 OTHER.zip,helpdesk_fsm,02 OTHER/helpdesk_fsm/security/ir.model.access.csv,1,access_csv
02 OTHER.zip,l10n_in_reports,02 OTHER/l10n_in_reports/security/ir.model.access.csv,7,access_csv
02 OTHER.zip,test_ai_fields,02 OTHER/test_ai_fields/security/ir.model.access.csv,5,access_csv
02 OTHER.zip,spreadsheet_sale_management,02 OTHER/spreadsheet_sale_management/security/ir.model.access.csv,1,access_csv
02 OTHER.zip,sale_timesheet,02 OTHER/sale_timesheet/security/ir.model.access.csv,2,access_csv
02 OTHER.zip,l10n_cl_edi_exports,02 OTHER/l10n_cl_edi_exports/security/ir.model.access.csv,2,access_csv
02 OTHER.zip,delivery,02 OTHER/delivery/security/ir.model.access.csv,10,access_csv
02 OTHER.zip,l10n_us_hr_payroll,02 OTHER/l10n_us_hr_payroll/security/ir.model.access.csv,4,access_csv
02 OTHER.zip,equity,02 OTHER/equity/security/ir.model.access.csv,14,access_csv
02 OTHER.zip,industry_fsm_repair,02 OTHER/industry_fsm_repair/security/ir.model.access.csv,1,access_csv
02 OTHER.zip,purchase,02 OTHER/purchase/security/ir.model.access.csv,35,access_csv
02 OTHER.zip,voip,02 OTHER/voip/security/ir.model.access.csv,6,access_csv
02 OTHER.zip,l10n_uy_edi,02 OTHER/l10n_uy_edi/security/ir.model.access.csv,2,access_csv
02 OTHER.zip,purchase_requisition,02 OTHER/purchase_requisition/security/ir.model.access.csv,7,access_csv
02 OTHER.zip,website_crm_iap_reveal,02 OTHER/website_crm_iap_reveal/security/ir.model.access.csv,4,access_csv
02 OTHER.zip,l10n_co_dian,02 OTHER/l10n_co_dian/security/ir.model.access.csv,5,access_csv
02 OTHER.zip,l10n_ca_payment_cpa005,02 OTHER/l10n_ca_payment_cpa005/security/ir.model.access.csv,1,access_csv
02 OTHER.zip,l10n_es_edi_verifactu,02 OTHER/l10n_es_edi_verifactu/security/ir.model.access.csv,2,access_csv
02 OTHER.zip,l10n_fi_intrastat,02 OTHER/l10n_fi_intrastat/security/ir.model.access.csv,1,access_csv
02 OTHER.zip,l10n_it_hr_payroll_sd_worx,02 OTHER/l10n_it_hr_payroll_sd_worx/security/ir.model.access.csv,2,access_csv
02 OTHER.zip,documents_spreadsheet,02 OTHER/documents_spreadsheet/security/ir.model.access.csv,3,access_csv
02 OTHER.zip,barcodes,02 OTHER/barcodes/security/ir.model.access.csv,4,access_csv
02 OTHER.zip,appointment_account_payment,02 OTHER/appointment_account_payment/security/ir.model.access.csv,4,access_csv
02 OTHER.zip,maintenance,02 OTHER/maintenance/security/ir.model.access.csv,10,access_csv
02 OTHER.zip,product_expiry,02 OTHER/product_expiry/security/ir.model.access.csv,1,access_csv
02 OTHER.zip,sale_mrp,02 OTHER/sale_mrp/security/ir.model.access.csv,6,access_csv
02 OTHER.zip,website_crm_partner_assign,02 OTHER/website_crm_partner_assign/security/ir.model.access.csv,11,access_csv
02 OTHER.zip,hr_appraisal,02 OTHER/hr_appraisal/security/ir.model.access.csv,15,access_csv
02 OTHER.zip,product_barcodelookup,02 OTHER/product_barcodelookup/security/ir.model.access.csv,1,access_csv
02 OTHER.zip,mrp_subcontracting_account,02 OTHER/mrp_subcontracting_account/security/ir.model.access.csv,2,access_csv
02 OTHER.zip,l10n_pe_edi,02 OTHER/l10n_pe_edi/security/ir.model.access.csv,1,access_csv
02 OTHER.zip,sale_crm,02 OTHER/sale_crm/security/ir.model.access.csv,1,access_csv
02 OTHER.zip,test_orm,02 OTHER/test_orm/security/ir.model.access.csv,160,access_csv
02 OTHER.zip,l10n_tr_nilvera,02 OTHER/l10n_tr_nilvera/security/ir.model.access.csv,4,access_csv
02 OTHER.zip,project_timesheet_forecast,02 OTHER/project_timesheet_forecast/security/ir.model.access.csv,2,access_csv
02 OTHER.zip,l10n_be_soda,02 OTHER/l10n_be_soda/security/ir.model.access.csv,2,access_csv
02 OTHER.zip,l10n_uk_reports,02 OTHER/l10n_uk_reports/security/ir.model.access.csv,2,access_csv
02 OTHER.zip,hr_homeworking,02 OTHER/hr_homeworking/security/ir.model.access.csv,2,access_csv
02 OTHER.zip,l10n_hu_edi,02 OTHER/l10n_hu_edi/security/ir.model.access.csv,2,access_csv
02 OTHER.zip,website_event_track_quiz,02 OTHER/website_event_track_quiz/security/ir.model.access.csv,3,access_csv
02 OTHER.zip,event_crm,02 OTHER/event_crm/security/ir.model.access.csv,5,access_csv
02 OTHER.zip,documents,02 OTHER/documents/security/ir.model.access.csv,25,access_csv
02 OTHER.zip,website_event,02 OTHER/website_event/security/ir.model.access.csv,27,access_csv
02 OTHER.zip,l10n_id_efaktur_coretax,02 OTHER/l10n_id_efaktur_coretax/security/ir.model.access.csv,3,access_csv
02 OTHER.zip,test_mail,02 OTHER/test_mail/security/ir.model.access.csv,77,access_csv
02 OTHER.zip,l10n_be_reports,02 OTHER/l10n_be_reports/security/ir.model.access.csv,15,access_csv
02 OTHER.zip,l10n_latam_check,02 OTHER/l10n_latam_check/security/ir.model.access.csv,4,access_csv
02 OTHER.zip,sale_lazada,02 OTHER/sale_lazada/security/ir.model.access.csv,6,access_csv
02 OTHER.zip,fleet,02 OTHER/fleet/security/ir.model.access.csv,24,access_csv
02 OTHER.zip,l10n_tr_nilvera_einvoice_extended,02 OTHER/l10n_tr_nilvera_einvoice_extended/security/ir.model.access.csv,7,access_csv
02 OTHER.zip,stock,02 OTHER/stock/security/ir.model.access.csv,77,access_csv
02 OTHER.zip,resource,02 OTHER/resource/security/ir.model.access.csv,8,access_csv
02 OTHER.zip,partnership,02 OTHER/partnership/security/ir.model.access.csv,4,access_csv
02 OTHER.zip,approvals,02 OTHER/approvals/security/ir.model.access.csv,14,access_csv
02 OTHER.zip,esg_csrd_ai,02 OTHER/esg_csrd_ai/security/ir.model.access.csv,3,access_csv
02 OTHER.zip,web_tour,02 OTHER/web_tour/security/ir.model.access.csv,4,access_csv
02 OTHER.zip,survey,02 OTHER/survey/security/ir.model.access.csv,22,access_csv
02 OTHER.zip,l10n_lt_reports,02 OTHER/l10n_lt_reports/security/ir.model.access.csv,2,access_csv
02 OTHER.zip,l10n_ro_edi,02 OTHER/l10n_ro_edi/security/ir.model.access.csv,2,access_csv
02 OTHER.zip,website_sale,02 OTHER/website_sale/security/ir.model.access.csv,71,access_csv
02 OTHER.zip,uom,02 OTHER/uom/security/ir.model.access.csv,2,access_csv
02 OTHER.zip,product_margin,02 OTHER/product_margin/security/ir.model.access.csv,1,access_csv
02 OTHER.zip,l10n_ke_edi_oscu,02 OTHER/l10n_ke_edi_oscu/security/ir.model.access.csv,4,access_csv
02 OTHER.zip,data_cleaning,02 OTHER/data_cleaning/security/ir.model.access.csv,8,access_csv
02 OTHER.zip,l10n_pe_reports_stock,02 OTHER/l10n_pe_reports_stock/security/ir.model.access.csv,1,access_csv
02 OTHER.zip,pos_urban_piper_enhancements,02 OTHER/pos_urban_piper_enhancements/security/ir.model.access.csv,2,access_csv
02 OTHER.zip,l10n_uy_edi_stock,02 OTHER/l10n_uy_edi_stock/security/ir.model.access.csv,1,access_csv
02 OTHER.zip,l10n_es_reports,02 OTHER/l10n_es_reports/security/ir.model.access.csv,11,access_csv
02 OTHER.zip,mrp_subcontracting_repair,02 OTHER/mrp_subcontracting_repair/security/ir.model.access.csv,1,access_csv
02 OTHER.zip,l10n_es_edi_facturae,02 OTHER/l10n_es_edi_facturae/security/ir.model.access.csv,1,access_csv
02 OTHER.zip,sales_team,02 OTHER/sales_team/security/ir.model.access.csv,9,access_csv
02 OTHER.zip,l10n_ch,02 OTHER/l10n_ch/security/ir.model.access.csv,1,access_csv
02 OTHER.zip,purchase_mrp,02 OTHER/purchase_mrp/security/ir.model.access.csv,2,access_csv
02 OTHER.zip,l10n_no_reports,02 OTHER/l10n_no_reports/security/ir.model.access.csv,1,access_csv
02 OTHER.zip,sign,02 OTHER/sign/security/ir.model.access.csv,19,access_csv
02 OTHER.zip,l10n_tr_nilvera_edispatch,02 OTHER/l10n_tr_nilvera_edispatch/security/ir.model.access.csv,1,access_csv
02 OTHER.zip,l10n_be_hr_payroll_dimona,02 OTHER/l10n_be_hr_payroll_dimona/security/ir.model.access.csv,1,access_csv
02 OTHER.zip,event,02 OTHER/event/security/ir.model.access.csv,37,access_csv
02 OTHER.zip,snailmail,02 OTHER/snailmail/security/ir.model.access.csv,2,access_csv
02 OTHER.zip,l10n_hr_edi,02 OTHER/l10n_hr_edi/security/ir.model.access.csv,7,access_csv
02 OTHER.zip,helpdesk,02 OTHER/helpdesk/security/ir.model.access.csv,22,access_csv
02 OTHER.zip,l10n_at_saft,02 OTHER/l10n_at_saft/security/ir.model.access.csv,1,access_csv
02 OTHER.zip,l10n_lu_reports,02 OTHER/l10n_lu_reports/security/ir.model.access.csv,9,access_csv
02 OTHER.zip,l10n_ec_edi,02 OTHER/l10n_ec_edi/security/ir.model.access.csv,6,access_csv
02 OTHER.zip,cloud_storage_migration,02 OTHER/cloud_storage_migration/security/ir.model.access.csv,1,access_csv
02 OTHER.zip,l10n_at_pos,02 OTHER/l10n_at_pos/security/ir.model.access.csv,1,access_csv
02 OTHER.zip,l10n_be_hr_payroll_ucm,02 OTHER/l10n_be_hr_payroll_ucm/security/ir.model.access.csv,2,access_csv
02 OTHER.zip,repair,02 OTHER/repair/security/ir.model.access.csv,3,access_csv
02 OTHER.zip,l10n_be_hr_payroll_group_s,02 OTHER/l10n_be_hr_payroll_group_s/security/ir.model.access.csv,2,access_csv
02 OTHER.zip,l10n_ec,02 OTHER/l10n_ec/security/ir.model.access.csv,3,access_csv
02 OTHER.zip,l10n_cz,02 OTHER/l10n_cz/security/ir.model.access.csv,2,access_csv
02 OTHER.zip,l10n_br_edi_fiscal_reform,02 OTHER/l10n_br_edi_fiscal_reform/security/ir.model.access.csv,4,access_csv
02 OTHER.zip,analytic,02 OTHER/analytic/security/ir.model.access.csv,5,access_csv
02 OTHER.zip,website_mass_mailing,02 OTHER/website_mass_mailing/security/ir.model.access.csv,1,access_csv
02 OTHER.zip,pos_sale,02 OTHER/pos_sale/security/ir.model.access.csv,1,access_csv
02 OTHER.zip,sale_management,02 OTHER/sale_management/security/ir.model.access.csv,5,access_csv
02 OTHER.zip,l10n_be_codaclean,02 OTHER/l10n_be_codaclean/security/ir.model.access.csv,1,access_csv
02 OTHER.zip,l10n_fi_reports,02 OTHER/l10n_fi_reports/security/ir.model.access.csv,2,access_csv
02 OTHER.zip,test_mail_full,02 OTHER/test_mail_full/security/ir.model.access.csv,12,access_csv
02 OTHER.zip,base,02 OTHER/base/security/ir.model.access.csv,146,access_csv
02 OTHER.zip,onboarding,02 OTHER/onboarding/security/ir.model.access.csv,12,access_csv
02 OTHER.zip,l10n_vn_edi_viettel_pos,02 OTHER/l10n_vn_edi_viettel_pos/security/ir.model.access.csv,2,access_csv
02 OTHER.zip,whatsapp,02 OTHER/whatsapp/security/ir.model.access.csv,14,access_csv
02 OTHER.zip,l10n_be_hr_payroll_partena,02 OTHER/l10n_be_hr_payroll_partena/security/ir.model.access.csv,2,access_csv
02 OTHER.zip,website_crm,02 OTHER/website_crm/security/ir.model.access.csv,2,access_csv
02 OTHER.zip,stock_account,02 OTHER/stock_account/security/ir.model.access.csv,9,access_csv
02 OTHER.zip,l10n_es_reports_2025,02 OTHER/l10n_es_reports_2025/security/ir.model.access.csv,8,access_csv
02 OTHER.zip,hr_fleet,02 OTHER/hr_fleet/security/ir.model.access.csv,1,access_csv
02 OTHER.zip,stock_sms,02 OTHER/stock_sms/security/ir.model.access.csv,2,access_csv
02 OTHER.zip,pos_loyalty,02 OTHER/pos_loyalty/security/ir.model.access.csv,13,access_csv
02 OTHER.zip,timesheet_grid,02 OTHER/timesheet_grid/security/ir.model.access.csv,2,access_csv
02 OTHER.zip,l10n_it_edi,02 OTHER/l10n_it_edi/security/ir.model.access.csv,2,access_csv
02 OTHER.zip,pos_blackbox_be,02 OTHER/pos_blackbox_be/security/ir.model.access.csv,2,access_csv
02 OTHER.zip,l10n_es_edi_tbai,02 OTHER/l10n_es_edi_tbai/security/ir.model.access.csv,1,access_csv
02 OTHER.zip,spreadsheet_dashboard,02 OTHER/spreadsheet_dashboard/security/ir.model.access.csv,5,access_csv
02 OTHER.zip,l10n_in,02 OTHER/l10n_in/security/ir.model.access.csv,6,access_csv
02 OTHER.zip,l10n_cl_edi_stock,02 OTHER/l10n_cl_edi_stock/security/ir.model.access.csv,1,access_csv
02 OTHER.zip,l10n_mt_pos,02 OTHER/l10n_mt_pos/security/ir.model.access.csv,2,access_csv
02 OTHER.zip,hr_referral,02 OTHER/hr_referral/security/ir.model.access.csv,23,access_csv
02 OTHER.zip,hr_skills,02 OTHER/hr_skills/security/ir.model.access.csv,20,access_csv
02 OTHER.zip,test_html_field_history,02 OTHER/test_html_field_history/security/ir.model.access.csv,1,access_csv
02 OTHER.zip,stock_landed_costs,02 OTHER/stock_landed_costs/security/ir.model.access.csv,3,access_csv
02 OTHER.zip,utm,02 OTHER/utm/security/ir.model.access.csv,10,access_csv
02 OTHER.zip,test_import_export,02 OTHER/test_import_export/security/ir.model.access.csv,54,access_csv
02 OTHER.zip,sale_shopee,02 OTHER/sale_shopee/security/ir.model.access.csv,3,access_csv
02 OTHER.zip,helpdesk_sms,02 OTHER/helpdesk_sms/security/ir.model.access.csv,1,access_csv
02 OTHER.zip,l10n_mx_edi_extended,02 OTHER/l10n_mx_edi_extended/security/ir.model.access.csv,2,access_csv
02 OTHER.zip,l10n_ro_saft,02 OTHER/l10n_ro_saft/security/ir.model.access.csv,3,access_csv
02 OTHER.zip,auth_totp,02 OTHER/auth_totp/security/ir.model.access.csv,3,access_csv
02 OTHER.zip,partner_commission,02 OTHER/partner_commission/security/ir.model.access.csv,10,access_csv
02 OTHER.zip,stock_barcode,02 OTHER/stock_barcode/security/ir.model.access.csv,1,access_csv
02 OTHER.zip,l10n_eu_oss_reports,02 OTHER/l10n_eu_oss_reports/security/ir.model.access.csv,1,access_csv
