STEP ID,STEP Name,Parent / Reference Prompt ID,Objective,Evidence Found,Deliverables Found,Gate Status,Boss Decision Status,% Completion,Open Items,Carry-forward Items,Risk / VETO Flag,Owner,Next Action,Evidence Link / Path,STEP_STATUS,EVIDENCE_STATUS,GATE_STATUS,SCOPE_STATUS,Discovery Flag
STEP0301,Architecture Baseline / Initial Closure,STEP030115 / STEP030114,Close initial architecture evidence baseline under Boss-controlled conditions,PR #33; 38/38 manifest; frozen baseline,Closure decision; frozen baseline; STEP0302 handover,HOLD,Closed by Boss with controlled conditions,100,PR #33 remains PR_ONLY / not merged,CF-01..CF-10,PR_ONLY evidence; no architecture gate passed,PMO / Architecture Lead,Preserve as predecessor; no reopen,GitHub PR #33,COMPLETE,VERIFIED,HOLD,IN_SCOPE,FOUND_FROM_EVIDENCE
STEP0302,Controlled Evidence Port / Gate B,STEP030201–STEP030211,Establish controlled architecture domain baseline and reach Gate B decision,PR #45/#47/#52/#53/#57/#58/#60/#61,Entry/recovery; evidence port; baseline; reconciliation; Gate B decision; gap planning,CONDITIONAL_PASS,Boss Gate B CONDITIONAL PASS recorded in STEP030210,100,Gate C remains HOLD,24 gaps; conditional evidence,Historical independent-review status conflict,PMO / Architecture Lead,Maintain frozen evidence; no development,GitHub STEP0302 PR chain,COMPLETE,VERIFIED,CONDITIONAL_PASS,IN_SCOPE,FOUND_FROM_EVIDENCE
STEP030210,Gate B Conditional Pass,STEP030209,Record Boss Gate B conditional pass and controlled carry-forward,PR #60; Boss decision record; manifest,Files 31–35 + manifest,CONDITIONAL_PASS,APPROVE WITH CONDITIONS / CONDITIONAL PASS by Boss,100,Gate C/D HOLD; no build/release/deploy,24 gaps; 3 critical; 2 conditional sources,None current,PMO / Architecture Lead,Preserve decision; no reinterpretation,GitHub PR #60,COMPLETE,VERIFIED,CONDITIONAL_PASS,IN_SCOPE,
STEP030211,Design-Gap Resolution Planning,STEP030210,Plan resolution for all 24 carry-forward gaps and Gate C readiness,PR #61; Files 37–43; manifest 7/7,Gap plan; modular carry-forward; evidence disposition; Gate C readiness,HOLD,Planning executed; next execution still Boss-controlled,100,Gate C HOLD,3 critical + 21 standard gaps,No development authorization,PMO / Architecture Lead,Use planning only; do not execute without Boss authority,GitHub PR #61,COMPLETE,VERIFIED,HOLD,IN_SCOPE,
STEP0303,Technology & Development Toolchain Architecture Matrix,SMEPLUS-26-08-24-STEP0303,Prepare toolchain recommendations against frozen S2–S11 baseline,Local matrix + Thai annex + Boss review,Matrix §§2.1–2.7; Thai T1–T9; ruling sheet,OPEN,Nothing selected; Boss rulings blank,100,Selection gate not executed; S1 still open,Recommendations [E]/[J],No approval; recommendations only,Architecture / Governance,Proceed only to STEP0303R2 Boss ruling; no development,Local STEP0303_TOOLCHAIN_MATRIX,COMPLETE,VERIFIED,OPEN,BOSS_DECISION_REQUIRED,
STEP0303R1,Toolchain Matrix Completion,SMEPLUS-26-08-24-STEP0303R1,Complete missing platform domains and S2–S11 coverage,Local R1 completion + Boss review,Matrix §§2.8–2.17; 17-domain completion,OPEN,R1–R6 Boss rulings blank,100,S1 statutory report definitions still open; selection pending,PDPA/i18n/frontend/hosting judgments flagged,No approval; recommendations only,Architecture / Governance,STEP0303R2 Boss selection gate is next,Local STEP0303_TOOLCHAIN_MATRIX/04_COMPLETION,COMPLETE,VERIFIED,OPEN,BOSS_DECISION_REQUIRED,
STEP0303R2,Boss Toolchain Ruling & Selection Gate,STEP0303R1,Obtain Boss rulings and freeze selected toolchain choices,No local artifact found; no matching GitHub evidence found,None,OPEN,NOT RECORDED,0,Boss ruling/selection required,S1-dependent report definitions excluded,Missing execution evidence,Boss,Run decision-only gate; do not create project/code,No evidence found,NEEDS_BOSS_DECISION,MISSING,OPEN,BOSS_DECISION_REQUIRED,
STEP040304R4,Source Code Deep Research Closeout — Approved 134 Backend Modules,STEP040304R3C,Close clean-room deep research for approved backend scope,Local R4 closeout; model inventory; capability findings,134 scope closeout; 19 permanent black-box; S7–S11 feed,APPROVED_BY_BOSS,R6 later confirms deep research closed,100,19 black-box limit permanent,S7–S11 + C1–C8 feed,Do not re-read proprietary/black-box source body,Architecture / Research,Closed; do not reopen,Local STEP040304R4_DEEP_RESEARCH_CLOSEOUT,COMPLETE,VERIFIED,APPROVED_BY_BOSS,IN_SCOPE,
STEP040304R5,STATE03 Freeze Evidence Pack,STEP040304R4,Assemble freeze readiness pack for S2–S11 with S1 open dependency,Local R5 freeze readiness,Freeze evidence chain; findings; limits/open items; Boss review,FROZEN_BY_BOSS,R6 later records Boss declaration,100,S1 open dependency; R6 carry-forward directions open,Scope/black-box/open-item conditions,None blocking freeze after Boss declaration,Architecture / Governance,Preserve pack; track open dependencies only,Local STEP040304R5_STATE03_FREEZE_EVIDENCE_PACK,COMPLETE,VERIFIED,FROZEN_BY_BOSS,IN_SCOPE,
STEP040304R6,Boss STATE03 Freeze Declaration,STEP040304R5,Record sole-final-approver declaration of frozen STATE03 baseline,Local declaration record dated 2026-08-23,R1–R7 outcomes; S2–S11 frozen; C1–C8; open items,FROZEN_BY_BOSS,STATE03 DECLARED FROZEN by Boss,100,R6 carry-forward directions not addressed; S1 open,S1 routes (a)+(b); L6/L7 open items,Latest local freeze evidence not found in current GitHub search/index,Boss,Keep frozen; next action Boss toolchain ruling and evidence synchronization,Local STEP040304R6_STATE03_DECLARATION,COMPLETE,VERIFIED,FROZEN_BY_BOSS,IN_SCOPE,
STEP030201,Entry Assessment — issued but not executed,STEP030115,Start STEP0302 entry assessment,No original execution evidence found; absence verified by STEP030202,None,NOT_APPLICABLE,No Boss execution decision recorded in original prompt,0,Original prompt had no execution evidence,Recovered by STEP030202,No Evidence = No Progress,TBD,No action; retain as superseded history,GitHub PR #45 recovery record,SUPERSEDED,MISSING,NOT_APPLICABLE,IN_SCOPE,FOUND_FROM_EVIDENCE
STEP030202,Execution Recovery & Evidence Synchronization,STEP030201,Recover missing STEP030201 entry package and synchronize evidence,PR #45; commit 34a99af...; manifest 8/8,Files 00–07 + manifest,HOLD,Formal commencement pending at that point,100,Later decisions supersede entry HOLD,Controlled six-domain scope,None current; historical entry gate only,TBD,Historical only; no reopen,GitHub PR #45,COMPLETE,VERIFIED,HOLD,IN_SCOPE,FOUND_FROM_EVIDENCE
STEP030203,Controlled Evidence Port,STEP030202,Implement Boss-approved Option C evidence port without merging PR #33,PR #47; manifest 6/6,Files 08–13 + manifest,HOLD,Option C approved; formal commencement still pending in this record,100,Later commencement record governs,PR_ONLY predecessor boundary,No current blocker,TBD,Historical only,GitHub PR #47,COMPLETE,VERIFIED,HOLD,IN_SCOPE,FOUND_FROM_EVIDENCE
STEP030203A,Boss Formal Commencement Decision,STEP030203,Record Boss formal commencement for STEP0302,Referenced and manifest-verified in consolidated PR #52,Files 14A–14B + manifest,APPROVED_BY_BOSS,Boss formal commencement evidence present indirectly,100,Direct source file not separately inspected in this follow-up,Feeds STEP030204,Indirect evidence path only,PMO / Architecture Lead,Keep as controlled predecessor,GitHub PR #52 consolidated package,COMPLETE,PARTIAL,APPROVED_BY_BOSS,IN_SCOPE,FOUND_FROM_EVIDENCE
STEP030204,Architecture Domain Source-Document Baseline,STEP030203A,Produce six-domain architecture source-document baseline,PR #52 consolidated authoritative package; manifest 8/8,Files 14–21 + manifest,HOLD,Prepared for independent review / Boss gate decision,100,Historical source-count divergence resolved by master reconciliation,24 baseline control docs in consolidated pack,Earlier branch divergence resolved/superseded,PMO / Architecture Lead,Use PR #52 as authoritative historical package,GitHub PR #52,COMPLETE,VERIFIED,HOLD,IN_SCOPE,FOUND_FROM_EVIDENCE
STEP030205,Duplicate Branch Reconciliation,STEP030204,Reconcile competing STEP030204 executions,PR #49; authoritative branch decision at that time,Reconciliation report; authoritative branch decision; manifest,HOLD,No gate decision,100,Historical output superseded by later master reconciliation PR #52,Preserve supersession record,Branch methodology/source-count divergence,PMO / Architecture Lead,Retain audit history only,GitHub PR #49,SUPERSEDED,VERIFIED,HOLD,IN_SCOPE,FOUND_FROM_EVIDENCE
STEP030206,Gate B Recommendation Package,STEP030204/STEP030205,Prepare Owner/Reviewer/Gate B recommendation package,PR #53,Combined review and Boss decision package,HOLD,Boss decision not yet recorded in this step,100,Independent-review status conflicts with later STEP030209 record,Feeds STEP030208–030210,CONFLICT: PR #53 says complete; PR #58 says pending,PMO / Architecture Lead,Treat later STEP030209/030210 as controlling status,GitHub PR #53 and PR #58,COMPLETE,CONFLICTED,HOLD,IN_SCOPE,FOUND_FROM_EVIDENCE
STEP030207,Master Reconciliation,STEP030206,Reconcile six branches and produce single STEP0302 evidence package,PR #52; final commit 2683bda...; manifests verified,24 control docs + 4 manifests,HOLD,Awaited independent review and Boss decision,100,No current action; later steps supersede gate status,Authoritative STEP0302 package,None after later Boss decision,PMO / Architecture Lead,Retain as authoritative reconciliation predecessor,GitHub PR #52,COMPLETE,VERIFIED,HOLD,IN_SCOPE,FOUND_FROM_EVIDENCE
STEP030208,Independent Review Preparation & Gate B Decision Package,STEP030207,Prepare independent-review evidence and Boss decision pack,PR #57; commit 3aa2a961...; manifest 5/5,Files 22–26 + manifest,HOLD,Ready for Boss decision; no gate passed here,100,Later STEP030209/030210 govern,Conditions register carried forward,None current,PMO / Architecture Lead,Historical predecessor,GitHub PR #57,COMPLETE,VERIFIED,HOLD,IN_SCOPE,FOUND_FROM_EVIDENCE
STEP030209,Gate B Readiness Confirmation,STEP030208,Finalize review status and confirm readiness for Boss Gate B decision,PR #58; commit c65988a; manifest 4/4,Files 27–30 + manifest,HOLD,Independent review recorded PENDING; Boss decision boundary ready,100,Later STEP030210 resolves Boss gate decision,Decision options carried forward,Historical conflict with PR #53 noted,PMO / Architecture Lead,Historical predecessor,GitHub PR #58,COMPLETE,VERIFIED,HOLD,IN_SCOPE,FOUND_FROM_EVIDENCE
