STEP0402 Authority Field,Current Status,Evidence Source,Verification Method,Authority Level,Boss Decision Required?,Candidate/Option References
STEP0402 Name,PENDING BOSS DECISION,"PR #44 file 02 (STEP0402_ROADMAP_RESOLUTION_REPORT.md §2: ""No authoritative STEP0402 definition found"")",Repository-wide grep + Jira ERPPLUS-97 live read + PR #42/#43 body inspection,ABSENCE FINDING (AUTHORITATIVE),YES - Boss must select name,"Option A: Controlled Delta Intake Review and Disposition | Option B: Functional Design Production Readiness and Commencement | Option C: Batch 13 / GAP-005 Variance Resolution | Option D: STATE04 Roadmap Definition and Entry-Gate Readiness | Option E: Boss-defined custom scope"
STEP0402 Scope,PENDING BOSS DECISION,"PR #44 file 04 (STEP0402_PROPOSED_BOSS_DECISION_PACKAGE.md §2: four controlled scope options A-D)",Controlled options prepared without pre-selection or ranking,DRAFT (prepared options only; no approved authority),YES - Boss must select scope,"Option A scope: 69 Controlled Delta review / disposition | Option B scope: FDS Factory pipeline readiness + Tier 1 confirmation + authorization request | Option C scope: GAP-005 variance re-verification + formal disposition | Option D scope: STATE04-detailed-roadmap production | Option E: original Boss definition"
Accountable Owner,PENDING BOSS DECISION,"PR #44 file 04 §3 lists SMEPLUS_REGISTRY.yaml role-based candidates; STEP0401 closure (file CF-02) notes ""Named Individual Evidence Owners remain pending""",SMEPLUS_REGISTRY.yaml folder-level owner extraction + STEP0401 closure follow-up record,SUPPORTING (role candidates identified; no individual assigned),YES - Boss must confirm or reassign owner,"Candidate 1: Functional Specification Owner (registry: functional_specification_factory folder) | Candidate 2: Executive Secretary (registry: state_ai_execution_control / governance) | Candidate 3: Deliverable Owner (registry: ai_output / role-based precedent from STEP0401) | Candidate 4: Named individual (per Boss choice)"
Independent Reviewer,PENDING BOSS DECISION,PR #44 file 04 §4 identifies STEP0401 precedent roles: PMO AI + Enterprise Architect AI (if Option B) + Independent Review session + Boss,STEP0401 RACI pattern and Work Package precedent,SUPPORTING (pattern established; no STEP0402 reviewer assigned yet),YES - Boss must confirm reviewer roles,"PMO AI (evidence/gate review) | Enterprise Architect AI (if Option B: architecture/tiering alignment) | Independent Review session (distinct from commencement session, per STEP040202 pattern) | Boss (Final Decision, non-delegable)"
Acceptance Criteria,PENDING BOSS DECISION,"PR #44 file 04 §5 offers template pattern (7-criterion structure) adapted from STEP0401 precedent (02_STEP0401_SCOPE_AND_ACCEPTANCE_CRITERIA.md)",Template pattern offered without approval; no STEP0402 criteria approved,SUPPORTING (template only; not approved),YES - Boss must approve acceptance criteria set,"Template criterion 1: Scope-specific primary deliverable reproducibly verified | Template criterion 2: Evidence Owners and sources identified | Template criterion 3: SHA-256 package manifest validated | Template criterion 4: No prohibited material committed (Clean Room 100%) | Template criterion 5: Gaps traceable to disposition | Template criterion 6: Independent Review completed | Template criterion 7: Boss Final Decision recorded before closure"
Predecessor Evidence Status,VERIFIED - CLOSED BY BOSS FINAL DECISION,"STEP0401 Evidence & Module Inventory Baseline — PR #42 (merge commit 8a36fc8237339df47a7f0e5e50d16229436575d2) + PR #43 (merge commit afea03db1b6b12d4f8f25203ce4f6ca7a7860844) + Jira ERPPLUS-97 status: Done",Verified via mcp__github__pull_request_read (merged: true) + mcp__github__get_commit (confirmed) + Atlassian MCP (Jira status = Done),AUTHORITATIVE (closure evidence complete and merged),NO - predecessor ready,PR #42 and PR #43 merged; STEP0401 files 00–22 present; all manifests validated
Required Entry Gates,DOCUMENTED - INCOMPLETE PENDING BOSS DECISION,"PR #44 file 04 §6 lists Entry Gate requirements; Predecessor-closure items satisfied; Boss ratification items outstanding",PR #44 file 05 (PRE_COMMENCEMENT_GATE_CHECKLIST.csv) shows 5 satisfied / 4 pending,DOCUMENTED (gates defined; not all satisfied),YES - Boss must authorize gates,"Satisfied: STEP0401 closure verified ✓ | Base commit matches ✓ | PR #42 merged ✓ | PR #43 merged ✓ | ERPPLUS-97 Done ✓ | Outstanding: Boss ratification of scope/owner/reviewer ✗ | Owner and Reviewer confirmed ✗ | New Jira work item created ✗"
Required Exit Gates,DOCUMENTED - NOT YET APPLICABLE,"PR #44 file 04 §7 lists Exit Gate requirements for whichever option Boss selects; these gates will be verified at STEP0402 closure only",Template pattern only; not STEP0402-specific,DOCUMENTED (template only),NO - applicable only at STEP0402 closure,"Template requirement 1: Selected scope's Acceptance Criteria satisfied with evidence | Template requirement 2: Independent Review completed | Template requirement 3: Boss Final Decision recorded | Template requirement 4: SHA-256 manifest validated for STEP0402 evidence package | Template requirement 5: Clean Room 100% maintained"
Controlled Counts (Active Baseline),VERIFIED UNCHANGED - 1436,"STEP0401 closure package (file 07_STEP0401_EVIDENCE_MODULE_INVENTORY_BASELINE/08_STEP0401_CONTROLLED_COUNT_INVENTORY.csv); no STEP0402 authorization modifies these counts",Verified unchanged from STEP0401 baseline; no STEP0402 action modifies this count,AUTHORITATIVE (controlled baseline),NO - no changes authorized,1,436 modules in Active Learning Baseline (unchanged across STEP0401 and this STEP040203 package)"
Controlled Counts (Thailand-scope Candidates),VERIFIED UNCHANGED - 808,"STEP0401 closure package; Thailand-scope count calculated as 806 General/Business + 2 Thailand Localization",Same verification as Active Baseline,AUTHORITATIVE (controlled count),NO - no changes authorized,808 Thailand-scope candidates (unchanged)"
Controlled Counts (Controlled Delta),VERIFIED UNCHANGED - 69,"STEP0401 closure package (file 07_STEP0401_BATCH1_CONTROLLED_DELTA_REFERENCE_REGISTER.csv); 69 items remain outside Active Baseline",Same verification; register present and hashed in manifests,AUTHORITATIVE (controlled count),NO - no STEP0402 action authorized to modify,"69 Controlled Delta references (unchanged; Option A scope includes disposition decision but does not commit integration)"
Controlled Counts (Calculated Total References),VERIFIED UNCHANGED - 1505,"STEP0401 evidence: 1,436 Active + 69 Controlled Delta = 1,505 total references (not the Active Baseline)",Same verification,AUTHORITATIVE (calculated metric),NO - no changes,1,505 = 1,436 + 69 (unchanged)"
GAP-005 Disposition,DEFERRED TO BATCH 13 / PENDING BOSS DECISION,"STEP0401 closure (file 20_STEP040115_BOSS_CLOSURE_DECISION.md §10, file 21_STEP0401_FINAL_EVIDENCE_INDEX_AND_HANDOFF.md §7); variance −1 (99 vs. 100) explicitly deferred to Batch 13",Documented in STEP0401 closure evidence; STEP040201 (PR #44 file 04 Option C) includes GAP-005 as a candidate STEP0402 scope if Boss selects that option,AUTHORITATIVE DEFERRAL (closure decision) + SUPPORTING (option prepared),YES if Option C selected - Boss decides whether to tackle GAP-005 in STEP0402,"Option C (Batch 13 / GAP-005 Variance Resolution) is one of five controlled options for Boss consideration"
Prohibited Actions,CLEARLY DEFINED - NOT AUTHORIZED,"STEP0401 closure (file 20 §15–17: Non-Authorizations); STEP040201 (file 04 §8: ""This package does NOT...[list]""); this package §8 (same explicit non-actions)",All closure documents affirmatively list what is NOT authorized,AUTHORITATIVE (explicit non-authorizations),NO - Boss may only authorize actions not in the prohibited list,"NOT AUTHORIZED: (1) Source-code production | (2) Functional Design actual drafting (only readiness review authorized under Option B) | (3) Constitution document modification | (4) Unauthorized PR merge | (5) Jira scope change without approval | (6) Build/Release/Deploy/Production | (7) Unilateral STEP0402 commencement without Boss decision | (8) Controlled Delta integration into Active Baseline without explicit Option A + Boss authorization | (9) GAP-005 correction without explicit Option C + Boss authorization"
Functional Design Production Authorization,NOT AUTHORIZED,"Confirmed in STEP0401 closure (file 20 body), PR #43 body, Jira comment 10413, and STEP040201 (file 04 §8)",Every closure document independently affirms this non-authorization,AUTHORITATIVE (explicit closure statement),NO - NOT AUTHORIZED,NOT AUTHORIZED — no Functional Design production may commence; only FDS Factory readiness review authorized if Option B selected
Controlled Delta Intake Authorization,PENDING BOSS DECISION,"STEP0401 closure explicitly marks this PENDING (file 20 gate table); STEP040201 Option A includes Controlled Delta Intake as one candidate STEP0402 scope",Documented as pending since STEP0401 closure; controlled options prepared for Boss decision,AUTHORITATIVE (pending status) + SUPPORTING (option prepared),YES - Boss must decide scope,"Option A explicitly includes Controlled Delta Intake as a candidate STEP0402 scope; no other option includes it; if Boss selects Option A, Controlled Delta Intake proceeds; if Boss selects Option B/C/D/E, Controlled Delta Intake remains pending for later step"
Source Code / Constitution Modification,NOT AUTHORIZED,"STEP0401 closure affirmatively states this package ""does not contain and does not modify files 00–22"" (file 20); equivalent statement prepared for this STEP040203 package",Every step explicitly affirms no source-code or constitution changes,AUTHORITATIVE (explicit exclusion),NO - NOT AUTHORIZED,NOT AUTHORIZED — neither this STEP040203 package nor any STEP0402 step may modify source code, constitution documents, or approved governance registers without separate authorization
Evidence-First Governance,VERIFIED - ACTIVE,STEP0401 closure implements 100% evidence-first governance; no action taken without documented evidence; PR #42 body: ""This review does not approve and does not approve this PR for merge""; PR #43 body: ""No GitHub APPROVE review will be submitted by this session""; all closure evidence in files 00–22,All evidence documented; all decisions recorded; all findings traced to sources,AUTHORITATIVE (governance principle active),NO - principle continuously active,"Evidence requirement: All decisions must be documented in this STEP040203 package; no decision may be implemented without recorded Boss authorization; all evidence must be independently verifiable from repository, GitHub, and Jira sources"
