Comparison Dimension,Option A: Controlled Delta Intake,Option B: FDS Production Readiness,Option C: GAP-005 Variance Resolution,Option D: STATE04 Roadmap Definition,Option E: Boss-Defined Custom Scope
STEP0402 Proposed Name,Controlled Delta Intake Review and Disposition,Functional Design Production Readiness and Commencement,Batch 13 / GAP-005 Variance Resolution,STATE04 Roadmap Definition and Entry-Gate Readiness,Boss-Defined (no default name)
Primary Purpose,Review 69 Controlled Delta references; decide disposition (intake/exclude/defer) per reference,Conduct FDS Factory pipeline readiness review; confirm Tier 1 module alignment; produce authorization request,Re-verify 99 vs. 100 module count variance; determine root cause; formally close or re-defer GAP-005,Produce STATE04-detailed-roadmap document enumerating STEP0402 onward before committing to A/B/C/subsequent steps,Boss defines custom purpose per organizational need
In-Scope Deliverables,"1. Review Report (evidence-first process) 2. Updated Delta Register with disposition column 3. Rationale Register (one row per reference) 4. Disposition Summary (aggregates: N approved / N excluded / N deferred) 5. SHA-256 Manifest","1. FDS Factory Readiness Report (evidence-first pipeline review) 2. Tier 1 Module Confirmation Register (cross-ref to Active Baseline) 3. Batch 2 FDS Readiness Checklist (entry conditions / gate criteria) 4. Batch 2 FDS Authorization Request Template 5. SHA-256 Manifest","1. GAP-005 Root-Cause Analysis Report 2. Historical Baseline Audit (trace of ""100"" in prior docs) 3. GAP-005 Variance Explanation and Disposition 4. Updated GAP Register 5. SHA-256 Manifest","1. STATE04-detailed-roadmap document (10–20 pages; step-level detail) 2. STEP0402–STEP04N mapping with scope/gates per step 3. Roadmap decision-tree or flowchart 4. Roadmap rationale document 5. State 04 Readiness Checklist 6. SHA-256 Manifest","Boss-defined deliverables (must include SHA-256 manifest and evidence package per governance standard)"
Out-of-Scope Exclusions,"Functional Design drafting, Build/Release/Deploy/Production, Active Baseline integration (disposition only; integration requires further authorization), STEP0401 file modification, Constitution modification, Source-code production","Actual Functional Design drafting/production (readiness review only), Functional Design NOT AUTHORIZED, Controlled Delta Intake, Build/Release/Deploy/Production, Architecture decision modification, STEP0401 file modification, Source-code production","Controlled Delta Intake, Functional Design production, Active Baseline count correction (separate authorization required), Build/Release/Deploy/Production, STEP0401 file modification, Source-code production","Actual step execution or commencement, Controlled Delta Intake, Functional Design production, Build/Release/Deploy/Production, STEP0401 file modification, Source-code production","Subject to Boss definition (must include: no unauthorized source-code production, no constitution modification, no unauthorized merge, no unilateral Functional Design drafting)"
Owner Role Candidates,"Primary: Deliverable Owner | Alternative: Executive Secretary | Alternative: Named individual (Boss choice)","Primary: Functional Specification Owner | Alternative: Enterprise Architect AI | Alternative: Deliverable Owner | Alternative: Named individual (Boss choice)","Primary: Executive Secretary | Alternative: Deliverable Owner | Alternative: Named individual (Boss choice)","Primary: Executive Secretary | Alternative: Enterprise Architect AI | Alternative: Deliverable Owner","Boss selects or assigns owner"
Required Reviewer Roles,"PMO AI (evidence-integrity) | Independent Review session (distinct from commencement) | Boss (Final Decision)","PMO AI (evidence & gate-readiness) | Enterprise Architect AI (architecture/tiering alignment) | Independent Review session | Boss (Final Decision)","PMO AI (variance analysis & evidence) | Independent Review session | Boss (Final Decision on disposition)","PMO AI (roadmap governance & gate sequence) | Enterprise Architect AI (cross-step alignment) | Independent Review session | Boss (Final Approval)","Boss defines; must include: Independent Review session distinct from commencement session; Boss Final Decision"
Acceptance Criteria (Template Pattern),"1. All 69 references reviewed individually with evidence 2. Each disposition clearly stated (APPROVED-FOR-INTAKE / EXCLUDED / DEFERRED) 3. Disposition rationale traceable to Clean Room / licensing / approved authority 4. SHA-256 manifest validated 5. Clean Room 100% 6. Independent Review completed 7. Boss Final Decision recorded","1. FDS Factory readiness documented with evidence 2. Tier 1 module list confirmed vs. Active Baseline (1,436 count) 3. Batch 2 FDS Readiness Checklist complete (entry conditions / quality gates) 4. No gaps in readiness justification 5. SHA-256 manifest validated 6. Clean Room 100% 7. Independent Review completed 8. Boss Final Decision recorded","1. GAP-005 historical context documented 2. Root-cause analysis complete (data error / legitimate gap / definitional difference) 3. GAP disposition clearly stated (CLOSED / DEFERRED) with justification 4. SHA-256 manifest validated 5. Clean Room 100% 6. Independent Review completed 7. Boss Final Decision recorded","1. STATE04-detailed-roadmap complete with all steps named/scoped 2. Each step includes entry gate / exit gate / acceptance criteria / owner/reviewer 3. Options A/B/C from STEP040203 mapped into roadmap 4. Step-sequence rationale documented 5. SHA-256 manifest validated 6. Clean Room 100% 7. Independent Review completed 8. Boss Final Decision recorded","Boss defines acceptance criteria (template pattern above available as reference)"
Predecessor Evidence Availability,"STEP0401 closure complete; Controlled Delta Register present in STEP0401 evidence package (07_STEP0401_BATCH1_CONTROLLED_DELTA_REFERENCE_REGISTER.csv); Clean Room criteria established","STEP0401 closure complete; Module inventory available (08_STEP0401_CONTROLLED_COUNT_INVENTORY.csv); FDS Factory Pipeline & Tiering Strategy docs present (currently Draft status); Functional Design authorization NOT AUTHORIZED by STEP0401 closure","STEP0401 closure complete; GAP-005 entry present (07_STEP0401_FINAL_GAP_REGISTER.csv with variance −1); Historical ""100"" baseline must be sourced from pre-STEP0401 evidence (search required)","STATE_GATE_MATRIX.md present (state-level, 12 rows); STEP0401 evidence complete; All four options A/B/C/D from this STEP040203 documented and ready for roadmap integration","Boss provides custom predecessor context"
Entry Gate Requirements,"1. STEP0401 verified ✓ 2. Base commit confirmed ✓ 3. Boss authorization for Option A 4. Owner role confirmed 5. Reviewer roles confirmed 6. New Jira work item created (ERPPLUS-97 is Done)","1. STEP0401 verified ✓ 2. Base commit confirmed ✓ 3. Boss authorization for Option B 4. FDS Factory Owner confirmed 5. Enterprise Architect AI assigned 6. Independent Review process defined 7. New Jira work item created","1. STEP0401 verified ✓ 2. Base commit confirmed ✓ 3. Boss authorization for Option C 4. Owner role confirmed 5. Reviewer roles confirmed 6. New Jira work item created 7. Access to historical baseline docs established","1. STEP0401 verified ✓ 2. Base commit confirmed ✓ 3. Boss authorization for Option D 4. Executive Secretary / roadmap owner confirmed 5. Independent Review process defined 6. New Jira work item created","Boss defines entry gates (must include: STEP0401 verified, base commit confirmed, Boss authorization, owner/reviewer confirmed, new Jira item created)"
Exit Gate Requirements,"1. All 69 references reviewed / disposition documented 2. No gaps in rationale 3. Independent Review completed 4. Boss Final Decision recorded 5. SHA-256 manifest validated 6. Clean Room 100% maintained","1. FDS Factory readiness documented 2. Tier 1 module list confirmed 3. Batch 2 Readiness Checklist complete 4. No policy/architecture conflicts (or documented as out-of-scope) 5. Independent Review completed 6. Boss Final Decision recorded 7. SHA-256 manifest validated","1. GAP-005 root cause determined / documented 2. GAP disposition (CLOSED / DEFERRED) stated 3. Historical audit complete 4. Independent Review completed 5. Boss Final Decision recorded 6. SHA-256 manifest validated","1. STATE04-roadmap complete with STEP0402–STEP04N named/scoped 2. Each step includes gates/criteria/owner-reviewer 3. Rationale document complete 4. Independent Review completed 5. Boss Final Decision/approval recorded 6. SHA-256 manifest validated","Boss defines exit gates (template pattern above available as reference)"
Business Impact (Estimated),"Low-to-Moderate: Disposes 69 references (background work); does not produce new Functional Design or resolve root causes. Outcome: cleaned-up backlog ready for future intake/exclusion authorization.","Moderate-to-High: Enables future Functional Design work by confirming pipeline readiness and Tier 1 scope. Outcome: authorization path cleared for Batch 2 FDS production (but FDS production remains NOT AUTHORIZED).","Low: Variance resolution is bookkeeping; does not affect Active Baseline or Functional Design timeline. Outcome: closed gap / historical record clarity.","High: Roadmap document is prerequisite for all future STATE04 work. All subsequent steps (STEP0403, …) dependent on roadmap approval. Outcome: clarified STATE04 sequence and governance.","Depends on Boss definition"
Execution Timeline (Estimated - Non-Binding Advisory),"Moderate duration: 69 references require individual review + disposition rationale (assume 30–60 min per reference at average complexity) = 30–60 hours + independent review. Estimated: 2–3 weeks.","Longer duration: FDS Factory readiness review + Tier 1 confirmation + Batch 2 Readiness Checklist + authorization template = 40–80 hours + independent review + potential architecture revision cycles. Estimated: 3–5 weeks.","Shorter duration: GAP-005 historical audit + root-cause analysis + disposition decision = 20–40 hours + independent review. Estimated: 1–2 weeks.","Longest duration: Roadmap production (10–20 pages, step-level detail for STEP0402–STEP04N) + flowchart + rationale = 60–120 hours + independent review + potential revision cycles. Estimated: 4–6 weeks.","Boss defines timeline"
Key Risk #1,"Scope creep: Disposition review might require data collection beyond existing register. Mitigation: Strictly scope what's in vs. out per disposition decision.","Actual FDS drafting confusion: Readiness approval ≠ permission to draft. Mitigation: Readiness Checklist is a request template, not authorization; separate step required.","Historical records unavailable: ""100"" baseline may not be in current repository (pre-STEP0401 origin). Mitigation: Document consulted evidence; if not found, recommend CLOSED-INCONCLUSIVE status.","Scope expansion: Roadmap could expand into 5–10 steps, making STEP0402 a lengthy planning phase. Mitigation: Set step-naming depth limit (e.g., only STEP0402–STEP0406 required).","Boss defines risk assessment"
Key Risk #2,"Deferral volume: If many references deferred, limited closure value. Mitigation: Document deferral rationale; next step can address.","Tier 1 scope ambiguity: Tiering Strategy.md is Draft; future changes could alter Tier 1 list. Mitigation: Document Tier 1 as-is at closure; future revision requires separate authorization.","Non-blocking follow-up: GAP-005 already non-blocking (STEP0401 closure); low business impact. Mitigation: Narrow scope & evidence-driven; completion straightforward.","Approval bottleneck: Boss defers roadmap approval pending modifications; STEP0402 stalls. Mitigation: Clear approval process; Boss requests specific changes; AI revises/re-presents.","Boss assesses risks"
Key Risk #3,"Integration authorization gap: Disposition ≠ intake. If Option A closes, later step must authorize integration. Mitigation: Clearly separate disposition (STEP0402) from integration (future step).","Precedent uncertainty: No prior state produced detailed Tiering Strategy; duration estimate may be optimistic. Mitigation: Tiering Strategy.md already drafted; STEP0402 confirms vs. validates existing work.","Root-cause ambiguous: Variance could be legitimate or data error. Multiple disposition paths needed. Mitigation: Prepare multiple paths (closed-explained, closed-acceptable, deferred); Boss selects.","Precedent uncertainty: No prior state produced detailed step-level roadmap. Could take longer than estimated. Mitigation: Set clear roadmap specification (page count, required sections, detail per step).","Boss identifies additional risks"
Non-Actions Summary,"Does NOT: integrate into Baseline | authorize FDS | modify STEP0401 files | modify constitution | produce source code","Does NOT: authorize FDS drafting (readiness review only) | modify architecture decisions | integrate Controlled Delta | modify STEP0401 files | produce source code","Does NOT: modify Baseline count | authorize Controlled Delta | authorize FDS | modify STEP0401 files | produce source code","Does NOT: commence subsequent steps | authorize Controlled Delta / FDS / GAP resolution / Build/Deploy | modify STEP0401 files | produce source code","Boss defines non-actions (must include: no unauthorized merge, no constitution modification, no source-code production, no Functional Design drafting unless explicit authorization)"
Conflicts with STEP0401 Closure?,"No — Controlled Delta explicitly marked PENDING at STEP0401 closure (file 20 gate table). Option A addresses this.","No — Functional Design explicitly NOT AUTHORIZED at closure. Option B is readiness review only (not drafting). No conflict.","No — GAP-005 explicitly DEFERRED to Batch 13 at closure (file 20, §10). Option C addresses this.","No — STEP0401 closure left STATE04-detailed-roadmap as undefined. Option D produces this missing artifact.","Boss ensures custom scope does not conflict with STEP0401 closure authorization"
Compatible with Other Options?,"Partially: Could precede Option B (disposition of Delta Intake might clarify Tier 1 scoping for FDS readiness) or follow Option D (roadmap could place Option A as STEP0402 or later). Incompatible: Cannot be combined with Option C/E in single STEP0402 (scope conflicts).","Partially: Could follow Option A (Delta disposition clears backlog; FDS readiness can confirm Tier 1). Could follow Option D (roadmap clarifies FDS sequencing). Incompatible: Cannot be combined with Options C/E (scope conflicts). Requires separate step for Option B execution.","Partially: Could be combined with Option A in single STEP0402 if scoped carefully (both are reviews/dispositions; no drafting overlap). Could follow Option D (roadmap clarifies when Batch 13 runs). Incompatible: Cannot be combined with Option B/E (different work).","Can precede and inform Options A/B/C (roadmap sequence determines order). Incompatible: Cannot be combined with A/B/C in single STEP0402 (roadmap is prerequisite planning, not execution).","Boss defines compatibility with future steps"
Evidence-Backed Recommendation (NON-BINDING ADVISORY ONLY),"Recommendation: If organizational priority is backlog/inventory cleanup and Controlled Delta is a known bottleneck, Option A is a natural next step. However, this is not a ranking; all options are equally valid. Boss decides based on organizational need, risk tolerance, and resource availability.","Advisory: Option B is attractive if Functional Design production is high-priority and FDS Factory pipeline/tiering strategy are mature enough to review. However, actual FDS production remains NOT AUTHORIZED; only readiness review. Risk: Scope confusion. Boss decides based on organizational priorities.","Advisory: Option C has lowest complexity and timeline impact. GAP-005 resolution is a ""nice-to-have"" cleanup (non-blocking at STEP0401 closure). If resources are limited and quick wins are needed, Option C is low-effort. However, business impact is limited. Boss decides.","Advisory: Option D is highest-complexity/longest-timeline but highest-value (governs all subsequent STATE04 work). If organizational need is clarity/roadmap-first governance, Option D is strategic choice. However, it delays hands-on work (Delta/FDS/GAP). Boss decides based on governance strategy.","Boss exercises full decision authority"
