Decision ID,Decision Title,Current Status,Authoritative Evidence / Source,Required Boss Input,Candidate Options / Values,Timeline for Decision,Impact if Unresolved,Governing Authority
DECISION-001,STEP0402 Authoritative Name,PENDING BOSS DECISION,"PR #44 file 02 (STEP0402_ROADMAP_RESOLUTION_REPORT.md): ""Authoritative STEP0402 definition: NOT FOUND"" (corroborated by STEP0401 closure file 21 §14)","Boss must select or define the authoritative STEP0402 name. No name can be auto-assigned or invented.","A: Controlled Delta Intake Review and Disposition | B: Functional Design Production Readiness and Commencement | C: Batch 13 / GAP-005 Variance Resolution | D: STATE04 Roadmap Definition and Entry-Gate Readiness | E: Boss-Defined Custom Name/Scope","Before STEP0402 commencement authorization","Without a name: STEP0402 cannot be formally registered in Jira, cannot begin execution, remains in governance limbo (NOT STARTED status indefinite)","SMEPLUS_REGISTRY.yaml (role_control.boss: ""Final Approver"")"
DECISION-002,STEP0402 Authoritative Scope,PENDING BOSS DECISION,"PR #44 file 04 (STEP0402_PROPOSED_BOSS_DECISION_PACKAGE.md §2): ""Scope options A-D prepared; no approved authority chooses between them""","Boss must select the scope content (deliverables, in-scope work, out-of-scope exclusions) that pairs with the selected name (Decision-001).","Option A scope: 69 Controlled Delta review + disposition register | Option B scope: FDS Factory readiness review + Tier 1 confirmation + authorization request | Option C scope: GAP-005 root-cause analysis + disposition | Option D scope: STATE04-detailed-roadmap production + STEP0402-STEP04N naming | Option E scope: Boss-defined (with mandatory non-actions: no source-code production, no unauthorized FDS drafting, no constitution modification)","Before STEP0402 commencement","Without scope definition: STEP0402 execution criteria undefined; independent review cannot verify completion; Boss decision at closure cannot be made on evidence","Boss authority + STEP0401 precedent (all STEP0401 scopes approved by Boss)"
DECISION-003,STEP0402 Owner Role Assignment,PENDING BOSS DECISION,"PR #44 file 04 §3 lists candidate roles from SMEPLUS_REGISTRY.yaml (Functional Specification Owner / Executive Secretary / Deliverable Owner / named individual); no role assigned by any approved authority; STEP0401 precedent (file CF-02): ""Named Individual Evidence Owners remain pending""","Boss must confirm or assign the Owner role for STEP0402. Role-based ownership (precedent from STEP0401) is acceptable per closure evidence, but individual must be named at this point (follow-up to CF-02 non-blocking item) or role must be explicitly confirmed as sufficient.","Candidate 1: Functional Specification Owner (folder: functional_specification_factory, registry: SMEPLUS_REGISTRY.yaml) | Candidate 2: Executive Secretary (folder: state_ai_execution_control / governance) | Candidate 3: Deliverable Owner (folder: ai_output, precedent: role-based ownership accepted for STEP0401) | Candidate 4: Named individual (per Boss choice, with title/role definition)","Before STEP0402 commencement","Without Owner assignment: Accountability undefined; no single person responsible for STEP0402 execution; closure review cannot verify owner deliverables; escalation/responsibility gaps create governance risk","SMEPLUS_REGISTRY.yaml (role_control.boss: ""Final Approver"") + STEP0401 closure (CF-02 non-blocking follow-up)"
DECISION-004,STEP0402 Reviewer Roles and Assignment,PENDING BOSS DECISION,"PR #44 file 04 §4 identifies STEP0401-pattern roles (PMO AI, Enterprise Architect AI if applicable, Independent Review session, Boss); no STEP0402-specific reviewers assigned; STEP040202 Independent Review already occurred for STEP040201/STEP040202 evidence, not for STEP0402 scope/owner/criteria","Boss must confirm reviewer roles for STEP0402 (distinct session from commencement session per precedent). Reviewer assignments must include: (a) Which PMO AI instance? (b) Is Enterprise Architect AI needed for this scope (required if Option B; optional for A/C/D)? (c) Which Independent Review session (new session required per governance)? (d) Boss itself (non-delegable per SMEPLUS_REGISTRY.yaml).","Required: PMO AI (evidence-integrity review) | Required: Independent Review session (new, distinct from commencement session) | Required: Boss (Final Decision) | Conditionally Required: Enterprise Architect AI (if Option B: Functional Design readiness / tiering alignment) | Conditionally Required: Other specialized reviewers if Option D (roadmap review might require PMO + Enterprise Architect + Domain Expert feedback)","Before STEP0402 commencement; Independent Review session must be scheduled before STEP0402 closure planning","Without assigned reviewers: No independent verification of STEP0402 closure package; evidence integrity unverified; Boss decision cannot be made on reviewed/verified facts; governance gate (Independent Review) skipped","STEP0401 precedent (Independent Review gates mandatory) + STEP040202 pattern (independent session distinct from commencement session)"
DECISION-005,STEP0402 Acceptance Criteria Set,PENDING BOSS DECISION,"PR #44 file 04 §5 offers a 7-criterion template pattern (scope deliverable verified / owners identified / manifest validated / clean room 100% / gaps traceable / independent review / Boss decision recorded); template is not approved; no STEP0402-specific criteria approved","Boss must approve or define the Acceptance Criteria set that will govern STEP0402 completion review. Options: (a) adopt the template pattern with STEP0402-specific wording, or (b) provide custom criteria tailored to the selected scope (Option A/B/C/D/E). Criteria must be measurable/verifiable (not subjective).","Template Criterion 1: Primary scope deliverable (per selected option) reproducibly verified | Template Criterion 2: Evidence Owners and sources identified | Template Criterion 3: SHA-256 package manifest validated (all deliverables present, hashes match) | Template Criterion 4: Clean Room 100% pass (no prohibited material, no binaries, no secrets) | Template Criterion 5: All gaps traced to disposition (if gaps identified, each must have a documented rationale/resolution/deferral) | Template Criterion 6: Independent Review completed and findings addressed | Template Criterion 7: Boss Final Decision recorded in STEP0402 closure package before publication + Custom Criteria (if Boss selects)","Before STEP0402 commencement (ideally at Option-selection time)","Without approved criteria: STEP0402 completion is undefined; independent reviewer has no objective standard for verification; Boss cannot determine when STEP0402 is DONE; governance gate (acceptance criteria) missing","STEP0401 precedent (acceptance criteria defined at commencement; file 02_STEP0401_SCOPE_AND_ACCEPTANCE_CRITERIA.md)"
DECISION-006,STEP0402 Jira Work Item Creation,PENDING BOSS DECISION,"ERPPLUS-97 is status Done and scoped explicitly to STEP0401 (""[STATE04][STEP0401] Evidence & Module Inventory Baseline""). It has zero subtasks and zero issue links per live Jira query (Atlassian MCP verified). A new Jira issue is required for STEP0402 tracking per established governance (every step tracked in Jira with assigned owner, status transitions, and linked evidence).","Boss must authorize creation of a new Jira work item for STEP0402 (or confirm existing item if one already exists unlinked). New item must include: (a) Title matching selected STEP0402 name (Decision-001), (b) Description linking to this STEP040203 package, (c) Assignee = confirmed Owner (Decision-003), (d) Status = TO DO (until STEP0402 commencement authorized), (e) Custom fields per ERPPLUS project template (e.g., phase, milestone, component).","Create new Jira issue ERPPLUS-## (next available number) with: | Title: [STATE04][STEP0402][<Option Letter>] <Selected Scope Name> | Description: Link to this STEP040203 Decision Package + Reference PR #42/43/50 + Base commit afea03db1b6b12d4f8f25203ce4f6ca7a7860844 | Assignee: Owner confirmed per Decision-003 | Status: TO DO → IN PROGRESS (at STEP0402 commencement) → DONE (at closure) | Labels: STATE04 / STEP0402 / PreCommencement","Immediately after Boss selects STEP0402 option (Decision-001/002); ideally before STEP0402 formal commencement","Without Jira tracking: STEP0402 execution not tracked in project management system; ownership obscured; escalation path undefined; project status reports cannot reflect STEP0402 progress; governance visibility lost","Established practice (every prior state/step has Jira tracking per ERPPLUS project; STEP0401 = ERPPLUS-97)"
DECISION-007,STEP0402 Entry Gate Readiness,PENDING BOSS DECISION / PARTIALLY SATISFIED,"PR #44 file 04 §6 documents Entry Gate requirements; file 05 (PRE_COMMENCEMENT_GATE_CHECKLIST.csv) shows: 5 items SATISFIED ✓ (STEP0401 closure verified, base commit matched, PR #42 merged, PR #43 merged, ERPPLUS-97 Done) + 4 items INCOMPLETE/PENDING (Boss scope ratification, Owner confirmed, Reviewer roles confirmed, New Jira created)","Boss must confirm that all Entry Gate requirements are satisfied before STEP0402 formally commences. Outstanding items (per Decision-001/003/004/006) must be resolved before STEP0402 can begin execution. Once all 9 Entry Gate items verified, Boss authorizes STEP0402 commencement.","Entry Gate Checklist (per file 05): | 1. STEP0401 closure verified ✓ (satisfied by PR #42 + #43 + Jira ERPPLUS-97) | 2. Base commit afea03db1b6b12d4f8f25203ce4f6ca7a7860844 confirmed ✓ | 3. PR #42 merged ✓ | 4. PR #43 merged ✓ | 5. ERPPLUS-97 Done ✓ | 6. Boss authorization for selected option (Decision-001/002) — outstanding | 7. Owner role confirmed (Decision-003) — outstanding | 8. Reviewer roles confirmed (Decision-004) — outstanding | 9. New Jira work item created (Decision-006) — outstanding | All 9 must be satisfied before Entry Gate verdict = READY FOR COMMENCEMENT","After Boss decisions 001-006 resolved; before STEP0402 execution begins","If Entry Gate incomplete: STEP0402 commencement authorized without prerequisite verification; missing owner/reviewer accountability; independent review not scheduled; execution proceeds without clarity on scope/criteria; governance gate skipped → risk of uncontrolled work","Established precedent (STEP0401 Entry Gate Checklist used same structure; file 03_STEP0401_FORMAL_COMMENCEMENT_RECORD.md §8)"
DECISION-008,STEP0402 Exit Gate Requirements,PENDING BOSS DECISION (TEMPLATE PROVIDED),"PR #44 file 04 §7 lists template Exit Gate requirements (deliverable verified / Independent Review completed / Boss decision recorded / manifest validated / Clean Room 100%); template is not approved; STEP0402-specific exit gates depend on selected option (Decision-001/002)","Boss must approve the Exit Gate structure for whichever option is selected (Option A/B/C/D/E). Each option has slightly different exit criteria (e.g., Option A: all 69 dispositions documented + no gaps; Option B: FDS readiness confirmed + Tier 1 aligned; Option C: GAP root-cause determined; Option D: roadmap complete + all steps named/scoped). Boss approves the exit-gate criteria before STEP0402 begins so closure review has objective standard.","Option A Exit Gates: 1. All 69 Controlled Delta references reviewed + disposition documented 2. No gaps in rationale (all dispositions evidence-backed) 3. Independent Review completed 4. Boss Final Decision recorded 5. SHA-256 manifest validated 6. Clean Room 100% | Option B Exit Gates: 1. FDS Factory readiness documented 2. Tier 1 module list confirmed (vs. Active Baseline 1,436) 3. Batch 2 FDS Readiness Checklist complete 4. No policy/architecture conflicts (or documented as out-of-scope) 5. Independent Review completed 6. Boss Final Decision recorded 7. SHA-256 manifest validated | Option C Exit Gates: 1. GAP-005 root-cause determined + documented 2. GAP disposition (CLOSED / DEFERRED) clearly stated 3. Historical audit complete 4. Independent Review completed 5. Boss Final Decision recorded 6. SHA-256 manifest validated | Option D Exit Gates: 1. STATE04-roadmap complete (all steps named/scoped) 2. Each step includes entry gate / exit gate / acceptance criteria / owner/reviewer roles 3. Options A/B/C from STEP040203 mapped into roadmap 4. Step-sequence rationale documented 5. Independent Review completed 6. Boss Final Decision/approval recorded 7. SHA-256 manifest validated","Before or immediately after STEP0402 commencement (Exit Gate criteria finalized as part of commencement package); must be defined before closure review begins","Without approved Exit Gates: Closure reviewer has no objective criteria for verification; ambiguity about when STEP0402 is DONE; potential for incomplete closure or unverified deliverables; Boss cannot make decision on undefined completion status","STEP0401 precedent (Exit Gate structure defined at commencement; used in closure review at STEP0401 end)"
DECISION-009,Controlled Delta Intake Status at STEP0402 Scope Decision,PENDING BOSS DECISION,"STEP0401 closure (file 20 gate table) explicitly marks Controlled Delta Intake as PENDING; 69 Controlled Delta references remain outside Active Baseline per STEP0401 evidence; Option A (this package, file 02 §Option A) includes Controlled Delta disposition as a candidate STEP0402 scope; Options B/C/D do not include Controlled Delta in their scope","Boss must confirm whether Controlled Delta Intake is: (a) IN-SCOPE for STEP0402 if Option A selected (in which case STEP0402 executes Delta disposition), (b) OUT-OF-SCOPE for STEP0402 if Options B/C/D selected (in which case Delta Intake remains PENDING for a later step), or (c) a PARALLEL work package independent of STEP0402 (in which case it commences on separate timeline). This decision affects whether the 69 Controlled Delta references are part of STEP0402 scope or future scope.","If Option A selected: Controlled Delta Intake = IN-SCOPE for STEP0402 (decision per STEP0402 execution) | If Options B/C/D/E selected: Controlled Delta Intake = OUT-OF-SCOPE for STEP0402 (remains PENDING for future STEP0403 or later) | If Boss directs: Controlled Delta Intake = PARALLEL (separate from state/step governance; scheduled independently)","At STEP0402 Option selection (Decision-001)","If Controlled Delta Intake not explicitly positioned: Ambiguity about whether 69 references are STEP0402 work or future work; scope creep or scope gap risk; backlog/inventory status unclear; future step planning incomplete","STEP0401 closure (Controlled Delta Intake explicitly PENDING; file 20 gate table); STEP0401 scope-and-acceptance-criteria (file 02 §2: OUT-OF-SCOPE for STEP0401, making it a candidate successor scope)"
DECISION-010,BASE BRANCH STATE ACKNOWLEDGMENT (Corrected Record),PENDING BOSS DECISION,"PR #44 file 00 §5 and PR #50 revalidation report (file 13) both document that origin/SMEsPlus HEAD was verified equal to required base commit afea03db1b6b12d4f8f25203ce4f6ca7a7860844 with zero commits between them at review time. Earlier draft (file 00 §5, pre-correction) incorrectly claimed divergence; correction applied in PR #48. This is CORRECTED RECORD.","Boss must acknowledge the corrected base-branch statement before authorizing any merge or commencement of STEP0402. Base-branch state must be re-verified at time of PR merge (state may change between now and merge). Acknowledgment required to ensure Boss is aware of repository state at decision time and any divergence that may occur before merge.","Acknowledgment statement: origin/SMEsPlus HEAD verified equal to required base commit afea03db1b6b12d4f8f25203ce4f6ca7a7860844 with zero commits between them at STEP040203 package creation time (2026-07-17). Repository state must be re-verified before STEP0402 commencement and before this PR merge to SMEsPlus. Any divergence after this time must be documented and resolved before merge.","At Boss approval of this STEP040203 package","If base-branch state not acknowledged: Boss may approve merge to incorrect base; subsequent STEP0402 execution may proceed on wrong starting point; evidence integrity compromised; merge conflicts risk","STEP0401 precedent (base-branch verification documented; file 00 in every evidence package requires base-commit match verification)"
