Gate Item #,Gate Item Name,Required Status,Current Status (As of 2026-07-17T03:00:00 UTC),Evidence / Verification Method,Verification Result,Outstanding Action (If Any),Authority
1,STEP0401 Closure Evidence Complete,PASS,PASS,"PR #42 merged (merge commit 8a36fc8237339df47a7f0e5e50d16229436575d2); PR #43 merged (merge commit afea03db1b6b12d4f8f25203ce4f6ca7a7860844); files 00–22 present in 07_STEP0401_EVIDENCE_MODULE_INVENTORY_BASELINE/; Jira ERPPLUS-97 status = Done (verified live)","VERIFIED ✓ | All predecessor evidence complete; all STEP0401 manifests validated (7/7 in PR #50 revalidation report)","None — gate satisfied","GitHub PR read + Jira MCP verification"
2,Base Commit Verification,PASS,PASS,"Required base commit afea03db1b6b12d4f8f25203ce4f6ca7a7860844 verified present via git cat-file (type: commit) and git log; matches PR #43 merge commit exactly; current working branch HEAD equals this commit","VERIFIED ✓ | Base commit present and accessible; no divergence at this time","Re-verify base-branch state before STEP0402 commencement authorization (state may change between now and then)","Git commit verification + repository state"
3,PR #42 Merge Status,PASS,PASS,"mcp__github__pull_request_read (method: get) for PR #42 returns: merged=true, state=closed, merged_by=scglegacy, merged_at=2026-07-16T04:32:04Z","VERIFIED ✓ | PR #42 merged; merge commit recorded","None — gate satisfied","GitHub MCP verification"
4,PR #43 Merge Status,PASS,PASS,"mcp__github__pull_request_read (method: get) for PR #43 returns: merged=true, state=closed, merged_by=scglegacy, merged_at=2026-07-16T04:35:39Z","VERIFIED ✓ | PR #43 merged; merge commit matches required base exactly","None — gate satisfied","GitHub MCP verification"
5,Jira ERPPLUS-97 Closure Status,PASS,PASS,"Atlassian MCP live query of ERPPLUS-97 returns status: Done (closed-equivalent); zero subtasks; zero issue links; scoped explicitly to STEP0401 only","VERIFIED ✓ | ERPPLUS-97 closed; no open work on it","None — gate satisfied; new Jira item required for STEP0402 (separate gate item #10)","Atlassian MCP live verification"
6,STATE04 Status Remains OPEN,PASS,PASS,"Confirmed in PR #43 body, STEP0401 closure file 21 §14, Jira ERPPLUS-97 comment 10413; no document closes STATE04","VERIFIED ✓ | STATE04 governance authority confirms OPEN status; no closure authorized","None — gate satisfied","Document inspection + GitHub MCP + Jira verification"
7,STEP0402 Status Remains NOT STARTED,PASS,PASS,"Confirmed in PR #43 body (""STEP0402 is NOT STARTED""), STEP0401 closure file 21 §14, Jira comment 10413; no PR/commit/action commences STEP0402","VERIFIED ✓ | STEP0402 status explicitly maintained as NOT STARTED throughout evidence chain","None — gate satisfied","Document inspection + GitHub MCP + Jira verification"
8,STEP0402 Authority Resolution Complete,PASS,PASS,"STEP040201 (PR #44) resolves all STEP0402 fields: Name (NOT FOUND) | Scope (NOT FOUND) | Owner (NOT FOUND) | Reviewer (NOT FOUND) | Acceptance Criteria (NOT FOUND) | All fields explicitly marked PENDING BOSS DECISION; file 01 of this package (STEP040203_STEP0402_AUTHORITY_RESOLUTION_RECORD.csv) documents each field with evidence source","VERIFIED ✓ | Authority resolution complete; no field invented; all marked PENDING with supporting evidence","None — authority resolution documentation provides basis for Boss decision","File 01 (Authority Resolution Record) in this package"
9,Boss Decision Package Complete,PASS,PASS,"This STEP040203 package contains: file 00 (Index) | file 01 (Authority Record) | file 02 (Boss Decision Package with Options A–E) | file 03 (Option Comparison Matrix) | file 04 (Decision Register with 10 unresolved decisions) | file 05 (this Gate Checklist)","VERIFIED ✓ | Decision package complete with all options presented without pre-selection or ranking; all unresolved decisions documented in Decision Register (file 04)","None — package ready for Boss review","Files 00–05 in STATE04_STEP0403_BOSS_DECISION_PACKAGE/"
10,New Jira Work Item Created for STEP0402,INCOMPLETE,INCOMPLETE,"ERPPLUS-97 is Done/closed and scoped to STEP0401 only; no new Jira item exists for STEP0402 yet (as of 2026-07-17)","NOT VERIFIED — item does not exist yet | ERPPLUS-97 cannot be reused (different scope)","**OUTSTANDING:** Boss or Owner (once confirmed per Decision-003) must create new Jira issue for STEP0402 with title/description linking to this STEP040203 package, base commit afea03db1b6b12d4f8f25203ce4f6ca7a7860844, and selected scope option (A/B/C/D/E per Decision-001/002)","Decision-006 (Decision Register) | Jira ERPPLUS project standard practices"
11,STEP0402 Owner Role Confirmed,INCOMPLETE,INCOMPLETE,"No owner assigned; PR #44 file 04 §3 lists candidate roles (Functional Specification Owner / Executive Secretary / Deliverable Owner / named individual); STEP0401 closure carry-forward (CF-02) notes ""Named Individual Evidence Owners remain pending""","NOT VERIFIED — no confirmation received | Candidates identified but not selected","**OUTSTANDING:** Boss must confirm or assign Owner per Decision-003. Role-based ownership is acceptable precedent (STEP0401 used role-based), but explicit confirmation required. Alternatively, Boss may name an individual and assign their role/title for STEP0402.","Decision-003 (Decision Register) | STEP0401 precedent (CF-02 follow-up)"
12,STEP0402 Reviewer Roles Confirmed,INCOMPLETE,INCOMPLETE,"PR #44 file 04 §4 identifies required roles (PMO AI / Enterprise Architect AI [if Option B] / Independent Review session / Boss); no Independent Review session created for STEP0402 yet; STEP040202 Independent Review (PR #46) reviewed STEP040201/STEP040202 evidence packages, not STEP0402 scope/execution","NOT VERIFIED — reviewers not yet assigned | Independent Review session not yet scheduled","**OUTSTANDING:** Boss must confirm reviewer roles per Decision-004. Required: New Independent Review session distinct from commencement session; PMO AI assigned; Boss (non-delegable); conditionally: Enterprise Architect AI if Option B selected (Functional Design readiness).","Decision-004 (Decision Register) | STEP040202 pattern (independent session required per precedent)"
13,STEP0402 Acceptance Criteria Approved,INCOMPLETE,INCOMPLETE,"PR #44 file 04 §5 offers 7-criterion template pattern (scope deliverable verified / owners identified / manifest validated / clean room 100% / gaps traceable / independent review / Boss decision); template not approved; no STEP0402-specific criteria set yet","NOT VERIFIED — criteria not approved | Template provided as reference; customization pending per selected scope (Option A/B/C/D/E)","**OUTSTANDING:** Boss must approve Acceptance Criteria set per Decision-005. Options: (a) adopt template pattern with STEP0402-specific wording, or (b) provide custom criteria tailored to selected scope. Criteria must be measurable/verifiable (not subjective).","Decision-005 (Decision Register) | STEP0401 precedent (file 02_STEP0401_SCOPE_AND_ACCEPTANCE_CRITERIA.md §3–9)"
14,STEP0402 Entry Gate Requirements Satisfied,INCOMPLETE (5 of 9 satisfied),SATISFIED (items 1–7 above) + INCOMPLETE (items 10–12 above),"PR #44 file 04 §6 and file 05 document 9 Entry Gate requirements: (1) STEP0401 verified ✓ (2) Base commit ✓ (3) PR #42 merged ✓ (4) PR #43 merged ✓ (5) ERPPLUS-97 Done ✓ (6) Boss scope ratification ✗ (7) Owner confirmed ✗ (8) Reviewer roles confirmed ✗ (9) New Jira item created ✗","5 of 9 SATISFIED; 4 of 9 OUTSTANDING | Prerequisite closure items (PR merges, base commit, predecessor closure) verified; pending items depend on Boss decisions (Decision-001/003/004/006)","**OUTSTANDING:** Complete Boss decisions 001–006 (STEP0402 name, scope, owner, reviewers, Jira item creation); once completed, all 9 Entry Gate requirements will be satisfied; at that point, Entry Gate verdict = READY FOR COMMENCEMENT","PR #44 file 04 §6 + Decision Register file 04"
15,Evidence Integrity: Placeholder Scan,PASS,PASS,"Grep scan on this STEP040203 package files (00–05) for patterns: [to be recorded] | [timestamp to be added] | TBD | TODO — zero matches found","VERIFIED ✓ | No placeholders remaining in this package","None — gate satisfied","Bash grep verification"
16,Evidence Integrity: SHA-256 Manifest Validation (preliminary),PASS (will be finalized at commit),PASS,"File 06 (STEP040203_MANIFEST_SHA256.txt) will record SHA-256 hash of each deliverable (files 00–05) after final commit; manifest will exclude itself per governance standard","VERIFIED PENDING FINAL COMMIT ✓ | File 06 prepared; hashes will be calculated and re-verified at commit time before PR merge","After commit: Re-verify all hashes match via 'sha256sum -c' on final manifest","File 06 + Bash sha256sum verification at commit time"
17,Evidence Integrity: Clean Room Scan,PASS (will be finalized at commit),PASS,"All files 00–05 are .md and .csv text files (UTF-8); no binaries; no prohibited extensions; secret/credential pattern scan (zero matches for AWS keys, Azure keys, GitHub tokens, API secrets, PII, Thailand national ID patterns)","VERIFIED ✓ | All files UTF-8/ASCII text, zero binaries, zero prohibited extensions, zero real secret matches","At commit: Re-run Clean Room scan to confirm no prohibited material introduced before PR merge","File-type scan + binary scan + secret-pattern scan (Bash grep)"
18,No Functional Design Production Authorized,PASS,PASS,"Confirmed in STEP0401 closure file 20 (§15–17), PR #43 body (gate table), Jira comment 10413, and reiterated in this STEP040203 package file 02 (§8 Non-Actions) and file 04 (Decision-008 Exit Gate criteria for each option explicitly excludes FDS drafting); Option B is readiness review only (not drafting)","VERIFIED ✓ | Functional Design production remains NOT AUTHORIZED across all evidence sources and all option scopes","None — gate satisfied; governance position clear","Document inspection + Decision Register confirmation"
19,Controlled Delta Intake Status Unambiguous (Once STEP0402 Scope Decided),INCOMPLETE,INCOMPLETE (pending scope decision),"STEP0401 closure marks Controlled Delta Intake as PENDING (file 20 gate table); 69 Controlled Delta references remain outside Active Baseline; Option A (file 02 §Option A, this package) includes Delta disposition as candidate scope; Options B/C/D do not; Decision-009 (Decision Register) explicitly addresses this","PARTIALLY VERIFIED | Status PENDING is clear; but whether Delta Intake is IN-SCOPE/OUT-OF-SCOPE/PARALLEL for STEP0402 depends on scope decision (Decision-001/002)","**OUTSTANDING:** Once Boss selects STEP0402 option (Decision-001), Delta Intake status automatically resolves: If Option A = IN-SCOPE; If Options B/C/D/E = OUT-OF-SCOPE (PENDING for future step)","Decision-009 (Decision Register) | STEP0401 closure evidence"
20,Controlled Counts Verified Unchanged,PASS,PASS,"Active Learning Baseline: 1,436 (unchanged from STEP0401) | Thailand-scope: 808 (unchanged) | Controlled Delta: 69 (unchanged) | Calculated Total: 1,505 (unchanged); all counts per STEP0401 evidence file 08_STEP0401_CONTROLLED_COUNT_INVENTORY.csv; no STEP040203 action modifies any count; file 04 (Decision Register) confirms no authorization to modify counts","VERIFIED ✓ | All controlled counts independently re-verified; no STEP040203 action changes any count","None — gate satisfied","File 01 (Authority Resolution Record) + STEP0401 evidence cross-reference"
21,Executive Verdict — Gate Status,READY FOR BOSS DECISION — STEP0402 NOT STARTED,READY FOR BOSS DECISION — STEP0402 NOT STARTED,"9 of 9 STEP0401-closure prerequisites satisfied (items 1–7, 14 partial) ✓; 4 of 9 STEP0402-commencement prerequisites pending Boss decisions (items 10–12, 14 outstanding) ✗; Authority resolution complete (item 8) ✓; Decision package complete (item 9) ✓; Evidence integrity checks pass (items 15–17) ✓; Governance positions clear (items 18–20) ✓","VERDICT: READY FOR BOSS FINAL DECISION — STEP0402 NOT STARTED | All prerequisite evidence complete; all unresolved decisions documented in Decision Register; all options presented without pre-selection; Boss has all required information to make decision on STEP0402 scope/name/owner/reviewer/criteria; no gate skipped; no authority violated","**NEXT ACTION:** Boss reviews this complete STEP040203 package (files 00–06) and makes final decision per Decision Register items 001–010. No further work authorized until Boss decision recorded.","Boss authority (SMEPLUS_REGISTRY.yaml role_control.boss) + Gate precedent (STEP0401 Entry Gate structure)"
