Evidence_ID,Research_Item_ID,Artifact,Source_Path,Source_Version_Timestamp,Evidence_Type,Observation,Business_Interpretation,Confidence,Owner,Reviewer,Verifier,Verification_Status,Clean_Room_Classification,Gate_Impact
DR-EVD-DR9-001,DR0-GOV,Controlled workspace,99_SMEsPlus_Enterprise_Suite/06_MIGRATION_FACTORY/DEEP_RESEARCH_CODE_DATABASE/,2026-08-28,GitHub directory,"DR0-DR9 folders and mandatory register structure created","Controlled evidence workspace exists",HIGH,Enterprise Functional Architect,PMO,TBD,PREPARED,OBSERVED_FACT,DR9_INPUT
DR-EVD-DR9-002,DR-REC-001,Current Evidence Reconciliation,07_RESEARCH_SUMMARY/CURRENT_EVIDENCE_RECONCILIATION_v0.1.md,2026-08-28,Markdown report,"Historical 1436 versus current claim 1502 and historical 13940 versus current claim 13942 reconciled as unresolved deltas","Current source and database baselines cannot inherit historical PASS",HIGH,Enterprise Functional Architect,Independent Evidence Reviewer,TBD,PREPARED,OBSERVED_FACT_AND_ANALYSIS,HOLD
DR-EVD-DR9-003,DR-BP-001,Core Domain Clean-Room Blueprint,07_RESEARCH_SUMMARY/CORE_DOMAIN_CLEAN_ROOM_BLUEPRINT_v0.1.md,2026-08-28,Markdown specification,"Vendor-neutral domain invariants state machines ERD DDD interfaces and APIs prepared","Provides independent target-design input without Odoo Framework dependency",MEDIUM_HIGH,Enterprise Functional Architect,Independent Clean-Room Reviewer,TBD,PREPARED,INDEPENDENT_TARGET_DESIGN,DR9_INPUT
DR-EVD-DR9-004,DR-CLR-001,Clean-Room Assurance Review,06_CLEAN_ROOM_CONTROL/CLEAN_ROOM_ASSURANCE_REVIEW_v0.1.md,2026-08-28,Markdown review,"Document-level non-copy controls reviewed; current lineage and independent review remain missing","Clean-room certification cannot pass",HIGH,Clean-Room Systems Analyst,Independent Clean-Room Reviewer,TBD,HOLD,CLEAN_ROOM_CONTROL,HOLD
DR-EVD-DR9-005,DR9-REPORT,Deep Research Final Report,08_FINAL_GATE_PACK/DEEP_RESEARCH_CODE_DATABASE_FINAL_REPORT_v0.1_HOLD.md,2026-08-28,Final Gate report,"Final recommendation is HOLD due to critical current evidence gaps","Boss decision required; no build or merge authority",HIGH,Enterprise Functional Architect,PMO,Boss,AWAITING_BOSS_DECISION,GATE_REPORT,DR9_FINAL_GATE
DR-EVD-DR9-006,DR9-DECISION,Boss Final Gate Decision Pack,08_FINAL_GATE_PACK/BOSS_FINAL_GATE_DECISION_PACK_v0.1.md,2026-08-28,Decision pack,"Four decision options and twelve remediation controls prepared","Recommended ruling is HOLD and return to DR8 after remediation",HIGH,Project Governance Officer,PMO,Boss,AWAITING_BOSS_DECISION,GATE_DECISION_INPUT,DR9_FINAL_GATE
DR-EVD-DR9-007,SRC-CUR-001,Current archive 1,/mnt/data/01_ACCOUNT(1).zip,2026-08-28,Uploaded ZIP,"Archive receipt known but body and SHA-256 not inspectable in active runtime","Current module lineage not verified",LOW,Source Evidence Owner,Independent Evidence Reviewer,TBD,HOLD,RESTRICTED_SOURCE_EVIDENCE,HOLD
DR-EVD-DR9-008,SRC-CUR-002,Current archive 2,/mnt/data/02_OTHER(1).zip,2026-08-28,Uploaded ZIP,"Archive receipt known but body and SHA-256 not inspectable in active runtime","Current module lineage not verified",LOW,Source Evidence Owner,Independent Evidence Reviewer,TBD,HOLD,RESTRICTED_SOURCE_EVIDENCE,HOLD
DR-EVD-DR9-009,SRC-CUR-003,Current archive 3,/mnt/data/addons_extra(1).zip,2026-08-28,Uploaded ZIP,"Archive receipt known but body and SHA-256 not inspectable in active runtime","66-record delta cannot be attributed",LOW,Source Evidence Owner,Independent Evidence Reviewer,TBD,HOLD,RESTRICTED_SOURCE_EVIDENCE,HOLD
DR-EVD-DR9-010,HIST-SRC-001,Historical module inventory,Historical Module_Inventory.csv,2026-06-29,CSV register,"1436 historical modules recorded","Historical reference usable but not current proof",HIGH,Historical Evidence Owner,Independent Evidence Reviewer,TBD,REFERENCE_ONLY,OBSERVED_FACT,REFERENCE_ONLY
DR-EVD-DR9-011,HIST-DB-001,Historical DB evidence gate,Historical PhaseB Evidence Gate Report v1.4,2026-06-29,PDF report,"Mapping and schema extraction included PASS_WITH_GAPS PASS_WITH_LIMITATION and HOLD conditions","Later closure cannot be inherited without remediation lineage",HIGH,Historical Evidence Owner,Independent Evidence Reviewer,TBD,REFERENCE_ONLY,OBSERVED_FACT,HOLD
DR-EVD-DR9-012,HIST-DB-002,Historical closure declaration,Historical PhaseB Closure Report v1.5,2026-06-29,DOCX report,"Later document declares approved and closed","Closure declaration conflicts with earlier unresolved evidence and requires reconciliation",MEDIUM,Historical Evidence Owner,Independent Evidence Reviewer,TBD,NEEDS_RECONCILIATION,OBSERVED_FACT,HOLD
