Source ID,Source Type,Exact Reference,Section/Location,Commit SHA,Authority Classification,Verification Result
SRC-01,Repository File,07_Output_From_AI/STATE04_STEP0401_EVIDENCE_MODULE_INVENTORY_BASELINE/21_STEP0401_FINAL_EVIDENCE_INDEX_AND_HANDOFF.md,Section 14 (Next-Step Resolution Instruction),afea03db1b6b12d4f8f25203ce4f6ca7a7860844,AUTHORITATIVE,VERIFIED - explicitly states no authoritative STEP0402 name/scope found in reachable evidence
SRC-02,Repository File,07_Output_From_AI/STATE04_STEP0401_EVIDENCE_MODULE_INVENTORY_BASELINE/20_STEP040115_BOSS_CLOSURE_DECISION.md,Sections 15-17 (Closure Statement / Explicit Non-Authorizations / Final Gate Statement),afea03db1b6b12d4f8f25203ce4f6ca7a7860844,AUTHORITATIVE,VERIFIED - Boss Final Closure Decision; STEP0402 not started; no Functional Design/Delta Intake authorization
SRC-03,Repository File,07_Output_From_AI/STATE04_STEP0401_EVIDENCE_MODULE_INVENTORY_BASELINE/02_STEP0401_SCOPE_AND_ACCEPTANCE_CRITERIA.md,Sections 1-2 (In Scope / Out of Scope),afea03db1b6b12d4f8f25203ce4f6ca7a7860844,SUPPORTING,VERIFIED - records Controlled Delta Intake and Functional Design drafting as explicitly Out of Scope for STEP0401 (candidate successor scope only, not a STEP0402 assignment)
SRC-04,Repository File,12_State_AI_Execution_Control/STATE_GATE_MATRIX.md,Row 04 (Functional Specification),afea03db1b6b12d4f8f25203ce4f6ca7a7860844,SUPPORTING,VERIFIED - generic 12-state gate matrix; state-level only, no STEP-level breakdown for STATE04
SRC-05,Repository File,SMEPLUS_REGISTRY.yaml,current_gate_position.state_04,afea03db1b6b12d4f8f25203ce4f6ca7a7860844,SUPPORTING,VERIFIED - state_04: CONTINUE_IN_PARALLEL as of 2026-07-13 update_date; no STEP0402 entry
SRC-06,Repository File,17_Functional_Specification_Factory/docs/FDS_FACTORY_PIPELINE.md,Full document,afea03db1b6b12d4f8f25203ce4f6ca7a7860844,DRAFT,VERIFIED - Status: "Draft - pending Boss/PMO review"; not an approved STEP0402 definition
SRC-07,Repository File,17_Functional_Specification_Factory/docs/MODULE_TIERING_STRATEGY.md,Full document,afea03db1b6b12d4f8f25203ce4f6ca7a7860844,DRAFT,VERIFIED - Status: Draft; supports future module prioritization but does not name STEP0402
SRC-08,Repository File,12_State_AI_Execution_Control/STATE_HANDOFF_RULE.md,Full document,afea03db1b6b12d4f8f25203ce4f6ca7a7860844,SUPPORTING,VERIFIED - generic handoff rule; no STATE04-specific step content
SRC-09,Repository File,12_State_AI_Execution_Control/STATE_INPUT_OUTPUT_RULE.md,Full document,afea03db1b6b12d4f8f25203ce4f6ca7a7860844,SUPPORTING,VERIFIED - generic input/output rule; no STATE04-specific step content
SRC-10,Repository File,00_Project_Governance/PROJECT_CONSTITUTION.md,Full document search for STEP04/STATE04/roadmap,afea03db1b6b12d4f8f25203ce4f6ca7a7860844,SUPPORTING,VERIFIED - zero matches for STEP04/STATE04/roadmap keywords
SRC-11,Repository File,00_Unified_Engineering_Standard/01_ENTERPRISE_CONSTITUTION.md,Full document search for STEP04/STATE04/roadmap,afea03db1b6b12d4f8f25203ce4f6ca7a7860844,SUPPORTING,VERIFIED - zero matches for STEP04/STATE04/roadmap keywords
SRC-12,Repository Search,Repository-wide grep for STEP0402 STATE04-roadmap Functional-Design-roadmap FDS-batch-sequence Batch-13,N/A - full-tree search,afea03db1b6b12d4f8f25203ce4f6ca7a7860844,AUTHORITATIVE (absence finding),VERIFIED - matches found only inside the STEP0401 evidence package and the PRE_STATE04 package; no independent STATE04 roadmap document exists
SRC-13,Pull Request,PR #42 - https://github.com/TH-PATTARAKRIT/AI-Collaboration-Hub/pull/42,Title/body/files/comments/reviews,merge commit 8a36fc8237339df47a7f0e5e50d16229436575d2,AUTHORITATIVE,VERIFIED MERGED - merged:true; 0 comments; 0 reviews; body affirms Controlled Delta Intake PENDING and Functional Design Production NOT AUTHORIZED
SRC-14,Pull Request,PR #43 - https://github.com/TH-PATTARAKRIT/AI-Collaboration-Hub/pull/43,Title/body/files/comments/reviews,merge commit afea03db1b6b12d4f8f25203ce4f6ca7a7860844,AUTHORITATIVE,VERIFIED MERGED - merged:true; confirmed via get_commit; body affirms STATE04 OPEN / STEP0402 NOT STARTED
SRC-15,Jira Issue,ERPPLUS-97 - https://scgl.atlassian.net/browse/ERPPLUS-97,Status field and comments 10411/10412/10413,N/A (Jira, not commit-scoped),AUTHORITATIVE,VERIFIED - status = Done; final comment 10413 states STEP0402 is NOT STARTED and no authoritative next-step definition exists
SRC-16,Repository File,WORK_PACKAGE_REGISTER.md,Full document,afea03db1b6b12d4f8f25203ce4f6ca7a7860844,SUPERSEDED,VERIFIED - dated 2026-07-07, pre-dates STATE04/STEP0401 execution; references EWP items unrelated to STEP0402
SRC-17,Repository File,AI_WORKING_INDEX.md,Full document,afea03db1b6b12d4f8f25203ce4f6ca7a7860844,SUPERSEDED,VERIFIED - dated 2026-07-07, pre-dates STATE04/STEP0401 execution; references EWP items unrelated to STEP0402
SRC-18,Repository File,00_Project_Governance/State_01_Project_Identity/*,Full directory,afea03db1b6b12d4f8f25203ce4f6ca7a7860844,NOT FOUND,VERIFIED - zero STEP04/STATE04/roadmap keyword matches in State 01 charter/RACI/policy documents
