Check Item,Result,Evidence,Status
STEP0401 closure evidence verified,PASS,Files 00-22 in 07_Output_From_AI/STATE04_STEP0401_EVIDENCE_MODULE_INVENTORY_BASELINE/ present at required base commit; SHA-256 manifests 04/11/13/16/19/22 all previously validated per file 20 Section 11,VERIFIED
Final evidence commit matches required base,PASS,git cat-file -t afea03db1b6b12d4f8f25203ce4f6ca7a7860844 = commit; matches Required Base Commit exactly; current working branch HEAD equals this commit,VERIFIED
PR #42 merged,PASS,merged:true; merge commit 8a36fc8237339df47a7f0e5e50d16229436575d2; confirmed via GitHub pull_request_read and git log topology,VERIFIED
PR #43 merged,PASS,merged:true; merge commit afea03db1b6b12d4f8f25203ce4f6ca7a7860844; confirmed via GitHub get_commit and git log,VERIFIED
ERPPLUS-97 Done/Closed-equivalent,PASS,Jira status field = "Done" (verified live via Atlassian MCP this session),VERIFIED
STATE04 remains Open,PASS,No document closes STATE04; files 20/21 explicitly state STATE04 remains OPEN,VERIFIED
STEP0402 remains Not Started,PASS,Files 20/21 and PR #42/#43 bodies and Jira comment 10413 all explicitly state STEP0402 is NOT STARTED,VERIFIED
STEP0402 authoritative definition resolved or explicitly unresolved,UNRESOLVED (explicitly declared),No authoritative STEP0402 name/scope found anywhere in repository/PRs/Jira; declared UNRESOLVED per file 02,VERIFIED AS UNRESOLVED
Owner role resolved or pending Boss decision,PENDING BOSS DECISION,No STEP0402-specific owner assigned; candidate options prepared in file 04 Section 3,PENDING
Acceptance Criteria resolved or pending Boss decision,PENDING BOSS DECISION,No STEP0402 acceptance criteria approved; template pattern offered in file 04 Section 5,PENDING
Entry Gate evidence complete or incomplete,INCOMPLETE,Predecessor-closure items satisfied; Boss ratification of scope/owner/reviewer/Jira item still outstanding per file 04 Section 6,INCOMPLETE - PENDING BOSS DECISION
Jira work item exists or requires creation,REQUIRES CREATION,ERPPLUS-97 is Done and scoped to STEP0401 only; zero subtasks/issue-links; new Jira item required before STEP0402 tracking,PENDING
Functional Design production remains unauthorized,PASS,Confirmed NOT AUTHORIZED in files 20/21, PR #42/#43 bodies, and Jira comment 10413,VERIFIED
Boss Final Approval remains pending,PASS,No Boss decision yet recorded on STEP0402 name/scope/owner; this package awaits Boss review,VERIFIED - PENDING
